关键词,标题,简介,访问链接,网站,推广
上海尚滨江 楼盘配套,尚滨江_上海尚滨江详情-上海搜狐焦点网,2017年2月23日-上海房产 > 上海楼盘 > 浦东楼盘 > 尚滨江 尚滨江别名:景瑞尚滨江相关...想看看 户型:3 交通:3 配套:3  暂时没有太多的了解;浦东的房价一直往上冲;...,http://www.baidu.com/link?url=XNYVgryP1NpprTlyHSsSGUTHK_MvTgl8pghTFGKH046BWqSmkzNZ4gfFlzneZFia88anlAMxFqVrOPERPN1GZq,http://sh.focus.cn/loupan/20027362.html,
上海尚滨江 楼盘配套,景瑞尚滨江-楼盘详情-上海房天下,上海景瑞尚滨江;02月房价(参考均价:120000元/平方米);售楼电话(8621-58801888);位于浦东塘桥;楼盘地址是浦明路1288弄10号;占地面积暂无资料;拥有40年产权 。,http://www.baidu.com/link?url=TR4RnrOMuEvpq0x7urDv1AHUPtoq8DNM_aGVc_gCMdP1xeHu6O5CJRCx7RMTF9XO,http://shangbinjiangjr.fang.com/,
上海尚滨江 户型,上海尚滨江售楼处热线021-604 88787,上海尚滨江;位于内环内浦东塘桥板块;地处陆家嘴核心地段;靠近陆家嘴金融板块;黄浦江畔一线江景房;奢阔豪宅主角.景瑞尚滨江;售楼处:021-604 88787.,http://www.baidu.com/baidu.php?url=K00000a6iEt2gC6mgq2xQwKYkwDGNhthZlUrx1vBl34uDWRnjfQlo9n3767EhY5CoFW50qbW7zqY7_1CFewPgKYqbhlmgr0dPSRbj1jSHhRwGcNWqZSg3_oTSytCWODnSucyID7X1tjAOAxUSyNGLJ5ezzWN5ORVq1EEOfwB301obcCMM0.DR_aBOPXSrGOblUNzfuuCet8rAKi_nYQ7XHWb3J0.U1Yk0ZDqzTSlCtMf_xyqoiRznQ8MYnY0IjLF1eJWzIakqUvV0A-V5HcsP0KM5yF8nj00Iybqmh7GuZR0TA-b5Hc0mv-b5HfsPfKVIjYknjDLg1DsnH-xn1msnfKopHYs0ZFY5iYk0ANGujYkrH0sndtkPjnzg1D4njn1g1cknj6Yg1DLnj0kg1cznjnLg1csrHc30AFG5HcsP7tkPHR0Uynqn1TvnjmdnjR3g1Kxn0KkTA-b5H00TyPGujYs0ZFMIA7M5H00ULu_5Hm3PWmVn0K9mWYsg100ugFM5H00TZ0qn0K8IM0qna3snj0snj0sn0KVIZ0qn0KbuAqs5HD0ThCqn0KbugmqTAn0uMfqn0KspjYs0Aq15H00mMTqnH00UMfqn0K1XWY0IZN15Hn4rjczn1mkrj0snWmsPWD1P1m0ThNkIjYkPj63P1bvnHm4Pjb40ZPGujdBuWb3nyR1uW0snWckmhfY0AP1UHYvrj0kPDRYPHRsPDR4wbDz0A7W5HD0TA3qn0KkUgfqn0KkUgnqn0KlIjYs0AdWgvuzUvYqn7tsg100uA78IyF-gLK_my4GuZnqn7tsg100uZwGujYs0ANYpyfqQHD0mgPsmvnqn0KdTA-8mvnqn0KkUymqn0KhmLNY5H00uMGC5H00uh7Y5H00XMK_Ignqn0K9uAu_myTqnfKWThnqPW01nW6&us=0.0.0.0.0.0.0&us=0.0.0.0.0.0.6,http://www.lingbishi.org.cn/jrsbjpc/,推广
上海尚滨江 楼盘配套,景瑞尚滨江;上海景瑞尚滨江房价;楼盘户型;周边配套;交通地图;上海...,2017年2月15日-景瑞尚滨江楼盘频道;提供上海景瑞尚滨江房价;楼盘户型;楼盘产权年限;物业费;开发商;售楼电话;绿化率;周边配套;商场;超市;学校;医院;银行;周边地图交通等全方位楼盘...,http://www.baidu.com/link?url=IuJSvaWjppG993SFFGLbVhnW64XdrQsuYm7TwIOdZBdTTNabiU7dgBmlq3s74OMyIcFBZ2mG-FpvHgSq0iWorq,http://sh.fang.anjuke.com/loupan/416001.html,
上海尚滨江 户型,尚滨江_上海尚滨江详情-上海搜狐焦点网,2017年2月23日-物业信息 上海景瑞物业管理有限公司  楼盘位置 浦东 浦明路1288弄10号 查看地图...尚滨江用户点评1人评价了该楼盘更多>> 综合评价 3.0分 户型:3.0 交通:3.0 ...,http://www.baidu.com/link?url=WyVAqpIJ57Aia5VEkICjlGZuICfkrbTbXLuEwZ0Ovkyt3hd-IegYQBzATXZCSogq7cGQuerr5jPFSMYY9aGEKa,http://sh.focus.cn/loupan/20027362.html,
上海尚滨江 楼盘配套,景瑞沪上再添优质项目 滨江豪宅强势进驻上海内环--房产--人民网,2016年7月20日-7月18日;景瑞地产以境外股权转让的方式及10.22亿港币的总代价;成功将上海尚滨江项目收入囊中;跻身陆家嘴金融板块;引发了市场对于滨江豪宅市场的关注和...,http://www.baidu.com/link?url=aqU5jtWqzqGFTWFPMUnEmpeN_zb0oYp_juqtwn198K9tuBw14vsMSGZVqxGkMdRADjiqij322MXaGAsoEraMI-yJH-sw1YpeZZtTTaayzHi,http://house.people.com.cn/n1/2016/0720/c164220-28570664.html,
上海尚滨江 户型,上海景瑞尚滨江;景瑞尚滨江户型图;景瑞尚滨江房价价格走..._安居客,上海景瑞尚滨江最新楼盘详情;浦东-塘桥楼盘景瑞尚滨江最新报价;最新户型;最新周边配套信息;尽在安居客,http://www.baidu.com/link?url=rdfu3puZXrB2My0SEjz_Dmxagvjl92vi7yedzjRtGDISshy7O9EPN3-Oq5qMAnOdf5-2Eg79Kqq26ENHLJhQKa,http://www.anjuke.com/xinfang/sh-lp416001/,
上海尚滨江 楼盘配套,上海景瑞尚滨江;景瑞尚滨江户型图;景瑞尚滨江房价价格走..._安居客,上海景瑞尚滨江最新楼盘详情;浦东-塘桥楼盘景瑞尚滨江最新报价;最新户型;最新周边配套信息;尽在安居客,http://www.baidu.com/link?url=zVX39DBoJ5yBLDxlZcAcjb71k0czvr-rCUL0XTV5LzbANRRYj-TXlCRLI6aiRsPFbRgJBajz2VMiH1oUkV4zz_,http://www.anjuke.com/xinfang/sh-lp416001/,
上海尚滨江 户型,尚滨江户型图-上海搜狐焦点网,2017年2月9日-上海尚滨江户型图频道为您提供尚滨江在售户型图信息;包含一居室户型、二居室户型、三居室户型等尚滨江大小在售户型图信息;找新房上上海搜狐焦点网,http://www.baidu.com/link?url=G5YfwYLZgvYZmcxWS9r2XZujw48rHWw7J8Eb5JRvY_EZsYolpBrYq-BKHr3CotFyK5gh5swPSf0BH-0rD_fRKq,http://sh.focus.cn/loupan/20027362/huxing/,
上海尚滨江 楼盘配套,【上海景瑞尚滨江|上海景瑞尚滨江楼盘信息】-上海好屋,2016年12月1日-上海好屋提供上海景瑞尚滨江售楼电话、房价、地址、交通和周边配套、户型图、实景图等楼盘信息;为上海购房者提供最新上海景瑞尚滨江信息。,http://www.baidu.com/link?url=yrxhabl8b7ag4ntgAysOibsQfTa2BP5PTdb2AyxSgBhkOFMgAUgNAI7Aw28JJcDoil4Dunm_9kDHkWKhdFmzW_,http://shanghai.haowu.com/view/41765573099/view.html,
上海尚滨江 户型,上海景瑞尚滨江1;景瑞尚滨江1户型图;景瑞尚滨江1房价价格..._安居客,上海景瑞尚滨江1最新楼盘详情;浦东-塘桥楼盘景瑞尚滨江1最新报价;最新户型;最新周边配套信息;尽在安居客,http://www.baidu.com/link?url=hfIOKU9yu_qxV7xz5QVHRb02NhddLsPKAydNaElz9AGjiUVUS61ZvgSe1SRu0JBxrbdp-3AxAIvF-ZO1oga6tK,http://www.anjuke.com/xinfang/cd-lp416000/,
上海尚滨江 楼盘配套,尚滨江图片_样板间_装修效果图-上海搜狐焦点网,2017年2月9日-上海尚滨江图片频道为您提供尚滨江小区户型图、样板间图、实景图、交通图、效果图等新楼盘图片信息;全面了解尚滨江情况;找新房上上海搜狐焦点网,http://www.baidu.com/link?url=NwZywqmW4g7KbSQHP5skcywYi3yOcIz3rFy4DYREJNKgfqCwU7GEoxcqsWxh7P9l,http://sh.focus.cn/loupan/20027362/tu/,
上海尚滨江 户型,景瑞尚滨江-楼盘详情-上海房天下,更多动态>> 景瑞尚滨江在售 总价1000万/套起2017-02-09  景瑞尚滨江位于浦东内环浦明路;项目在售户型为84-336平1-3房;均价12万/平;总价1000万/套起;所有...,http://www.baidu.com/link?url=IGhd53V3kgrXHyFdt1duTQ6noUXrAcBYR8bprYrLAg7BbCm5mrEPg5z-DuwB5Fvm,http://shangbinjiangjr.fang.com/,
上海尚滨江 楼盘配套,尚滨江导购_尚滨江购房攻略-上海搜狐焦点网,2017年2月9日-上海房产 > 上海楼盘 > 浦东楼盘 > 尚滨江 >  尚滨江楼盘导购尚滨江别名:景瑞尚滨江相关楼盘 国信世纪海景 待售 名企盘 公园地产 地铁盘 商住楼 写字楼 400...,http://www.baidu.com/link?url=-gpkkrFsP64bZSX5uISRi-t0F6dj1dL0Ad85QatGzZQiVeLiYql7c3ykzSbLzEhW7wkH2E1UfYgQIiZNGgrHwq,http://sh.focus.cn/loupan/20027362/daogou/,
上海尚滨江 户型,【图】- 上海景瑞尚滨江 - 上海浦东新区新房出售 - 上海百姓网,上海新房出售全部地区 浦东新区新房出售闵行新房出售宝山新房出售徐汇新房出售松江新房...移动触屏版 上海景瑞尚滨江 x 1/12 显示照片列表提示 信息设置为“搞定了!”...,http://www.baidu.com/link?url=Xw9WX324FA5GZulxVq5C-oPdbUa1G3_VZnLgRypGQYxmjxLhwopP5hfqbiGLOvyZi4o9wLv8bOsDiCLI52-vzBPcReI0GvIz8NUQjbNzYyq,http://shanghai.baixing.com/xinfangchushou/a1075903835.html,
上海尚滨江 楼盘配套,上海滨江豪宅再添新成员 尚滨江计划9月推售 - 市场 -上海乐居网,2014年9月2日-8月29日;永泰地产及南丰发展首度面向上海介绍了两大发展商于上海携手悉心策划的瞩目新作:尚滨江(Upper Riverside)。尚滨江项目位于陆家嘴金融开发区...,http://www.baidu.com/link?url=vjYs-Xr3tZxz1_--8hAXGzJWkRKbiTNRJ08h8nHiyxE9Z--VEw-gooNXz0K8xakI6qgJMEXjqXIXZH469ecnda,http://sh.leju.com/news/2014-09-02/19024422861.shtml,
上海尚滨江 户型,景瑞尚滨江C户型;景瑞尚滨江商办约116.37平米户型图;朝南北朝向 -...,景瑞尚滨江楼盘频道;提供上海景瑞尚滨江房价;楼盘户型;楼盘产权年限;物业费;开发商;售楼电话;绿化率;周边配套;商场;超市;学校;医院;银行;周边地图交通等全方位楼盘...,http://www.baidu.com/link?url=3nLB_580MAf6aNO4tbL3D-OpwXIzKMosrsRdpGj7dVxAusDhVfCjDxZXXKJY81pCHsGF1SpcjrjH2xQKeMj1b_,http://sh.fang.anjuke.com/huxing/416001-238088.html,
上海尚滨江 楼盘配套,...绿地黄浦滨江楼盘详情|绿地黄浦滨江信息介绍】-上海乐居网,2017年2月7日-上海乐居网提供绿地黄浦滨江售楼电话(400-606-6969转24699)、最新房价、地址、交通和周边配套、开盘动态、户型图、实景图等楼盘信息。上海乐居网提供绿地黄浦滨江最新...,http://www.baidu.com/link?url=2e7r6_NCdsOp8oMTPZAuhhrUR_8tuwaGJJ-jfNG08ppQBRCkNOnRSQiVn7Gjs2Lu,http://house.leju.com/sh129794/,
上海尚滨江 户型,【上海景瑞尚滨江|上海景瑞尚滨江楼盘信息】-上海好屋,2016年12月1日-上海好屋提供上海景瑞尚滨江售楼电话、房价、地址、交通和周边配套、户型图、实景图等楼盘信息;为上海购房者提供最新上海景瑞尚滨江信息。,http://www.baidu.com/link?url=XQNuHSAO4JYiiTUnIJ5bBu-2XOVZkaZS3mI6hwiDuX4sluKUQI84ySb_ZQI7cfi-ZW7A563RouQCUSp5E0YPq_,http://shanghai.haowu.com/view/41765573099/view.html,
上海尚滨江 户型,“尚滨江”亮相上海滩 提供97个大小户型单位--上海频道--人民网,2014年8月31日-人民网上海8月30日电 (记者 曹玲娟)由永泰地产及南丰发展两大发展商携手打造的上海黄浦江畔行政公馆项目昨天在沪正式亮相;并被正式命名为“尚滨江”。...,http://www.baidu.com/link?url=R7vVHmwokuCqhpPv4fsBkgO-u5wQzKX6hWd0Pe84G1O-2flj4nY9rQyAK5qZQmSis9STzMYny4dh6H1bVcB06v7S5tyTHANwG_ToWiBdp2u,http://sh.people.com.cn/n/2014/0831/c134768-22163219.html,
上海尚滨江 户型,景瑞・尚滨江(图)-上海-第页-大众点评网,上海生活服务 > 塘桥 > 商务楼 > 景瑞・尚滨江 景瑞・尚滨江 添加分店  0条评论  星级来自业内综合评估 费用:- 地址: 浦明路1288弄10号 ...,http://www.baidu.com/link?url=rt0bJRXJofz9E1Z7_xgFz5vrx9ZYJ6jFBt-i0LvmdLf2lG4TQ0me8vavD5se3MgB,http://www.dianping.com/shop/70015784/,
