关键词,标题,简介,访问链接,网站,重复次数
新城上坤樾山Z里1手房,【新城上坤樾山-樾山Z里】_新城上坤樾山-樾山Z里楼盘详情_新城...,2017年2月21日-上海乐居网提供新城上坤樾山-樾山Z里售楼电话(400-606-6969转56170)、最新房价、地址、交通和周边配套、开盘动态、户型图、实景图等楼盘信息。...,http://www.baidu.com/link?url=y0s8D82G1sWTqLtYnguPNrx_GKXfMCJlep4wP2p3lgGVqDHLosFNsijN14WFlJQ7,http://house.leju.com/sh133893/,107
新城上坤樾山Z里1手房,新城上坤樾山Z里_上海新城上坤樾山Z里详情-上海搜狐焦点网,6天前-动态 [新城上坤樾山Z里]松江115平4房规划带商业 2017-02-13  新城上坤樾山Z里在售公寓;户型为91平3房、115平4房;均价40000元/平。新城上坤樾山Z里在...,http://www.baidu.com/link?url=okCQbdqEmnzTX-bYmsCSX8lqTEahzn1ZEMzdat6st_2PvpOexnE82d3uX--5mwZcLn2Rc-IMYjWC-Y2S1a02ua,http://sh.focus.cn/loupan/20027213.html,105
新城上坤樾山Z里1手房,新城上坤樾山-2017上海新房信息-楼盘详情,侃家网贴近用户的房产信息网;针对新城上坤樾山;为您提供透明的新房信息;新城上坤樾山;购房全流程服务;咨询师帮您解决买房问题;侃家新房网;新房侃家帮您选.嘉定新房去看看嘉定新房全新嘉定楼盘信息松江新房去看看松江新房全新松江楼盘信息青浦新房去看看青浦新房全新青浦楼盘信息上海新房去看看上海新房收录上海新房信息查看更多相关信息>>,http://www.baidu.com/baidu.php?url=af0000j_hH9Yos6vgzBe5VZYO_idugDEB0EFu4-WkuFxwgt_c-GYbd7z00WhLnd-DphupSD-RWTaP_XsoRcSDp3AwttSQq2DgdTYQKePq-0d46YX7oAPcbc084g60HzjzAvHRcIc3ymDJy_SEETJy9G_OH2z0Fu9b3JPnOP2w3PMp1Evm6.7Y_iwdczEuwKlTJmpDAizzz1Wg_4q3phmCbYXgDkb_______lsdnkwFCt85KfmsSXOjept5oEsSxW9LS8ZvSXZ1LmIqhZut_5M33xU33xy1jbSyZ1lTrO4mxg1sSxH9qptrOl3xZ3T5MY3IOH9qUn5M8seOo9vXXZ1en5o_se5U9tqvZxt_5Ven5MY3xU_sSEM9tqvZdosSVXZ1tT5o43IMM9tqvZv4nr1I9tx9sSxH9LqrZd_sSXejES8Zu43x5_sS81j_q8Z1LmIOzsSL_sSxH9q81jlSXZ1LmxyEjldJN9h9moLTxZcC.U1Yk0ZDqYn21ktM5s2HGYnhqoNo0e1Z2doXO0ZfqYn21ktM5s2HGYnhq0A-V5HcsP0KM5yFbXW00Iybqmh7GuZR0TA-b5Hc0mv-b5HfsPfKVIjYknjDLg1nknWKxnH0krNt1PW0k0AVG5H00TMfqQHD0uy-b5HDYPWwxnWDsrjKxnWcsn1NxnWDvP1KxnW04nWT0mhbqnW0Yg1DdPfKVm1Y1PHb1njm1PjNxnH0zg1Kxn0KkTA-b5H00TyPGujYs0ZFMIA7M5H00ULu_5fK9mWYsg100ugFM5H00TZ0qn0K8IM0qna3snj0snj0sn0KVIZ0qn0KbuAqs5H00ThCqn0KbugmqTAn0uMfqn0KspjYs0Aq15H00mMTqnH00UMfqn0K1XWY0IZN15HDvrHTznjRYn103nHD1PjR1rjf30ZF-TgfqnHf3rjnvPW6vrHcznsK1pyfquWu9nWfvm1fsnj01PjRzn6KWTvYqPW6snHw7PjRdnjw7rRuKn6K9m1Yk0ZK85H00TydY5H00Tyd15H00XMfqn0KVmdqhThqV5HKxn7tsg100uA78IyF-gLK_my4GuZnqn7tkPHfdrj6zg1Kxn0KbIA-b5H00ugwGujYVnfK9TLKWm1Ys0ZNspy4Wm1Ys0Z7VuWYs0AuWIgfqn0KhXh6qn0KlTAkdT1Ys0A7buhk9u1Yk0APzm1YdrjmsP0&us=0.0.0.0.0.0.0&us=0.0.0.0.0.0.11,http://sh.comjia.com/project/20000318.html?channel_id=20000000&channel_put=%E9%A1%B9%E7%9B%AE%E5%90%8D%E7%A7%B0%2D%E6%9D%BE%E6%B1%9F%7C%E6%96%B0%E5%9F%8E%E4%B8%8A%E5%9D%A4%E6%A8%BE%E5%B1%B1%E7%BE%8E%E5%A2%85%7C%E6%96%B0%E5%9F%8E%E4%B8%8A%E5%9D%A4%E6%A8%BE%E5%B1%B1,32
新城上坤樾山Z里,新城上坤樾山-楼盘详情-上海房天下,上海新城上坤樾山;2月房价(参考均价:40000元/平方米);售楼电话(400-890-0000 转 835098);位于松江佘山商圈;楼盘地址是嘉松南路塘砖路交口(9号线佘山站向南约...,http://www.baidu.com/link?url=q2roTXCa_UQN-CJHnqyMmAj95lIm7nPrLkXY8hwVqTmzmqB3dG893MFOhUw1rrr-,http://yueshanjinglixcsk.fang.com/,94
新城上坤樾山Z里,新城上坤樾山Z里-楼盘详情-上海腾讯房产,2017年1月4日-上海新城上坤樾山Z里; 腾讯房产提供新城上坤樾山Z里最新价格、开盘、地址、优惠、户型等最新动态。查找松江新城上坤樾山Z里房价走势、松江新城上坤樾山Z里...,http://www.baidu.com/link?url=no6lCFlXnTX9mT_sCJZ9Lnerlq550ewBB23oNMg61bx6nyqEvn2lIwTpOnEZNeq3,http://db.house.qq.com/sh_176329/,85
新城上坤樾山Z里最新新房,新城上坤樾山Z里_上海新城上坤樾山Z里_价格_楼盘详情_新房_上海...,上海新城上坤樾山Z里售楼电话(400-818-0066转913496);上海楼盘网新房频道为您提供新城上坤樾山Z里房价走势、开盘日期、项目地址、团购优惠、户型图等最新动态。...,http://www.baidu.com/link?url=QAxBGWnnD9MzecSsmAWsrnrpPKXfwOI-qK23HkM4By0bXdJuiFg6euhHSzU-CS7LIXky8o4vKpV24r1L06oLp_,http://sh.loupan.com/loupan/xinchengshangkunyueshan,82
新城上坤樾山Z里新房子,【新城上坤樾山-樾山Z里|新城上坤樾山-樾山Z里楼盘详情|新城上...,2017年2月6日-上海乐居网提供新城上坤樾山-樾山Z里售楼电话(400-606-6969转24699)、最新房价、地址、交通和周边配套、开盘动态、户型图、实景图等楼盘信息。上海乐居网提供新城...,http://www.baidu.com/link?url=IB2HkGVTBkob-oM57V_og8XtxoqTH9R4Wr9HvpE77nsJNUpF9XIheElqwnRp9YRqz2y-EzU2bukwOsvPPdc3vK,http://data.house.sina.com.cn/sh133893/,80
新城上坤樾山Z里,松江泗泾新城上坤樾山Z里昨晚开盘暴跌 购房讨论 篱笆网 - 年轻...,2016年12月1日-松江泗泾新城上坤樾山Z里昨晚开盘暴跌版块:[购房讨论]新房 松江  开心网 新政后第一个开盘的;很冷清;现场直接按备案价下浮百分之20卖。 退房? 来自手...,http://www.baidu.com/link?url=Hu_Ul9cAC5pdpsznlJLrYVHz8wHwl3P5dIsxpGh02WOfxAOJiWZRTin0WpJdNMV6dlet6-TdOFhK9MCkD3bS5_,http://www.libaclub.com/t_113_9532634_1.htm,64
新城上坤樾山Z里,新城上坤樾山Z里;新城上坤樾山四季;地段、户型大pk-上海新房网-...,,http://www.baidu.com/link?url=YYkZa-uaP8e_9xuHJTm4kZLTuOyDqjTkBRt0KzdYtYoxMocPaQ5xA23HyLanoo9YruA9hMnSsFTss2v0qjj4ucOz_d92YIXiOHir5tgry5j4HMVjAcnScU20nxqCUqIP,http://news.sh.fang.com/dg/2017-02-23/24467166.htm?cms_uuid=201311414_sh_43643,45
新城上坤樾山Z里最新新房,【新城上坤樾山Z里】 现在价格多少?还有房源吗 C 安居客房产问答,2017年2月8日-新房分销平台 用户登录 注册 安居客 问答  北京 我要提问  北京房产网 > 北京房产问答 > 北京买房 > 北京房价行情 > 【新城上坤樾山Z里】 现在价格多...,http://www.baidu.com/link?url=1GNr-6TpKA4FA1_VtclA1ZsYllguus71eXUdD7eIUSABiaAawMCmv-onvFSBXlT9,http://www.anjuke.com/qa/v10038089,43
新城上坤樾山Z里1手房,新城上坤樾山Z里怎么样:我今天去看了这个楼盘...-上海安居客,2016年11月22日-手机772*923关于新城上坤樾山Z里的用户点评;新城上坤樾山Z里怎么样就在安居客:我今天去看了这个楼盘;听销售介绍了下;觉得这个项目挺有潜力的...,http://www.baidu.com/link?url=ylUFyYyUPXR5oTmSdQeJBi7FYRzYXbKwr2buXVBbDeeMgqnKB8n5FprxHxdHvw7TSw1V_ujJrKJMMDrwu6vTuiDBfc1XP9-tbpIYJ5Ql7Qq,http://sh.fang.anjuke.com/loupan/ugcview-411718/2558523/,39
买新城上坤樾山Z里新楼盘,新城上坤樾山Z里导购_新城上坤樾山Z里购房攻略-上海搜狐焦点网,6天前-上海新城上坤樾山Z里导购频道为您提供专业的新城上坤樾山Z里买房攻略信息;告诉您如何选好房以及好房子的标准;新城上坤樾山Z里导购让您在短的时间内...,http://www.baidu.com/link?url=nv4c7r0buCvk30Gt8ycPPtegcrCFIZl2cJB16hHL6ybITJCsc3AQrE8lXMmR0FFkVG136_TrswP-h2122LWqMq,http://sh.focus.cn/loupan/20027213/daogou/,21
新城上坤樾山Z里新出新房,新城上坤樾山Z里盘首开震惊上海_新房导购_资讯_上海房产网,2016年9月24日-新城上坤樾山Z里盘首开震惊上海 发布日期::2016-09-24 9月3日;松江一个新楼盘首开震惊上海;不到1小时;劲销90%;狂揽12亿!说千人抢房真的...,http://www.baidu.com/link?url=mSpki7ynBESrN0uvoE0YUf3SFGh5JOD7Qm5SHDdvP1k8sRyOUtEus2Cnbh5X5sWHM9fVVHPclsJIhS-sxX7yT_,http://www.fcw.sh.cn/news/show-5504.html,18
新城上坤樾山Z里新新房,通知:新城上坤樾山Z里售楼处于2016年7月16日开放 - 房王导购 - ...,2016年7月21日-地产资讯 上海新闻 摘要:新城上坤樾山Z里产品主要是公寓、叠加别墅;于2016年7月16日开放售楼处。售楼地址在松江嘉松南路塘砖路交口(9号线佘山站...,http://www.baidu.com/link?url=QmoS14vF6kl5Vi49yzM6gbT-Hz5ScMGx3qsN7eAbJK6jCHTAIi3WGY5jjmdg5anf,http://sh.ihk.cn/news/100cb1331.html,18
新城上坤樾山Z里最新新房,【图】- 新城上坤樾山Z里fx - 上海松江新房出售 - 上海百姓网,上海新房出售全部地区 浦东新区新房出售闵行新房出售宝山新房出售徐汇新房出售松江新房...移动触屏版 新城上坤樾山Z里fx x 1/12 显示照片列表提示 信息设置为“搞定...,http://www.baidu.com/link?url=y8z0FCDxzpTxB4O0YfEqhaIB_zHbVojC1LEbMlClFNvpNn27pMCvS3n2TfNDRtSmOTRQHXhnVoZoG6c_DyWc3aeNKIZOdgUKbFZ_HcUkYaW,http://shanghai.baixing.com/xinfangchushou/a1072548912.html,18
新城上坤樾山Z里上海,新城上坤樾山Z里-楼盘详情-凤凰房产上海,凤凰房产为您提供新城上坤樾山Z里(售楼电话:400-818-5005转39650);位于上海松江;包括最新价格、详尽的实景图、户型图、周边配套、开盘时间、楼座信息、价格走势...,http://www.baidu.com/link?url=lde5UGHbLXbtD0UShdqH4YJcb9njdWDJjHlNjUWiKQpeBfYI0r0CWVl5mMADyoMWBgBNGaqxbVvRrmW6-rLSXq,http://sh.house.ifeng.com/homedetail/265909/dynamic,18
新城上坤樾山Z里上海新楼盘,上海新城上坤樾山Z里;新城上坤樾山Z里户型图;新城上坤..._安居客,上海新城上坤樾山Z里最新楼盘详情;松江-佘山楼盘新城上坤樾山Z里最新报价;最新户型;最新周边配套信息;尽在安居客,http://www.baidu.com/link?url=cZZFqOvk4S7Y2SQDROA83Qefok4hH-ns4mHqeyYIRZ3l_C83b3BHj1dN-5nyzYUVFmKypv_hrh4jTT9k16kl6q,http://www.anjuke.com/xinfang/ks-lp411718/,17
新城上坤樾山Z里,【新城上坤樾山Z里业主论坛】- 上海房天下,新城上坤樾山Z里业主论坛为居住在新城上坤樾山Z里小区的业主提供了一个可以交流的平台;新城上坤樾山Z里业主论坛包含小区实时动态;生活信息;加入新城上坤樾山...,http://www.baidu.com/link?url=oRuiuH1i6n-EIYB1sWei3d3yBeOWyPFfNwIdLOiQMxQZft8PVU87UkqyHeQB_hWV,http://yueshanjinglixcsk.fang.com/bbs/,16
新城上坤樾山Z里上海新楼盘,新城上坤樾山Z里目前在售公寓,,http://www.baidu.com/link?url=uKwrX8B8823TmHCbsNXI_AOG7N7ZttxzcWjOBZ26IIfhBPbx9i0U7vUqzMNZLNrpVDEQ7dnXHIlzzHAnTZxzHK,http://news.sh.fang.com/house/1210125048_2890517.htm,16
上海新城上坤樾山Z里新房,嘉定新房去看看嘉定新房全新嘉定楼盘信息松江新房去看看松江新房全新松江楼盘信息青浦新房去看看青浦新房全,,http://www.baidu.com/baidu.php?url=mzmK00ap3UTbNemaqhPb8PvCU3xXtbnLBqgAsUjSyXGtPgoHIG_eHje2ddwPH_j55nMvHk0eS4x0n6lH4KnE--lcCQmKCkHX1E0wkD-aTMT3gglhtEi7U0z1Ems8KDoI4hc6JuqGHHsOVfKdgwjy_PVDjkMWGOlxzUYDrZ6nw9IJKlUgw6.7b_iwdczEuwKlTJmpDDTANeP1tLXAGh2FPZ-knuQQQQQQQr_PHnRip5QWsRAn5M8seqvZuY3x5I9LtTrzEj4qrZvet5og9tOZjexU9LSrZkSZj4qrZuEseQn5MY3IOs3IhOj4en5Vtt5VosSXej_vmISHj3Oj9tqvZx_sePSZ1LmxU43IOVsSxH9LqrZd_sSxH9vUn5oqN2s1f_IMuYSrqf.U1Yk0ZDqzTSlCqja_txF1tablIjFEpdpsrOfsoXO0ZfqzTSlCtM5s2HGYnhq0A-V5HczPfKM5yF8nj00Iybqmh7GuZR0TA-b5Hc0mv-b5HfsPfKVIjY1nHcsg1DsnHIxnH0krfKopHYk0ZFY5HTdP6K-pyfqnHfdPNtznH04n7tkrjRvn7tznW01Pdtznjb1n0KBpHYznjwxnHRd0AdW5HDsn-t1PHb1njm1PjNxn0KkTA-b5Hc0TyPGujYs0ZFMIA7M5H00ULu_5HcvPWbVuZGxnWmvrN6VuZGxPW61radbX6K9mWYsg100ugFM5H00TZ0qn0K8IM0qna3snj0snj0sn0KVIZ0qn0KbuAqs5H00ThCqn0KbugmqTAn0uMfqn0KspjYs0Aq15H00mMTqnH00UMfqn0K1XWY0IZN15HDvnWb4rHDsnH0LnjfLPHb1n1Ts0ZF-TgfqnHf3rjnvPW6LnH0vnfK1pyfquWcLnjF-rARsnj0znj6dnfKWTvYqwDuDrj0vrRFanjRLf1K7wfK9m1Yk0ZK85H00TydY5H00Tyd15H00XMfqn0KVmdqhThqV5HKxn7ts0Aw9UMNBuNqsUA78pyw15HDdPjR3rjFxn7ts0AwYpyfqn0K-IA-b5iYk0A71TAPW5H00IgKGUhPW5H00Tydh5H00uhPdIjYs0AulpjYs0ZGsUZN15H00mywhUA7M5HD0mLFW5HfzPjms&us=0.0.0.0.0.0.1&us=0.0.0.0.0.0.12,http://sh.comjia.com/project/s/jiading?channel_id=20000000&channel_put=%E5%95%86%E5%93%81%E6%A9%B1%E7%AA%97%7C%E6%89%80%E6%9C%89%E8%AE%A1%E5%88%92%7C%E5%98%89%E5%AE%9A%E6%96%B0%E6%88%BF,6
新城上坤樾山Z里上海,上海上坤樾山-2017上海新房信息-楼盘详情,侃家网贴近用户的房产信息网;针对上海上坤樾山;为您提供透明的新房信息;上海上坤樾山;购房全流程服务;咨询师帮您解决买房问题;侃家新房网;新房侃家帮您选.嘉定新房去看看嘉定新房全新嘉定楼盘信息松江新房去看看松江新房全新松江楼盘信息青浦新房去看看青浦新房全新青浦楼盘信息上海新房去看看上海新房收录上海新房信息查看更多相关信息>>,http://www.baidu.com/baidu.php?url=mzmK00jUx8n91kws2_EfBFS5zWbjB4Ymaz70-fawcpmU89nKIChA3EYGb5W48GOAT2iydeyn1Nm__se81eEa4p4NVJv4zBiXPs-U-hXT-jdykyQKFOw7TPNFpfZVpf1ZZ4cT0qz_a9KihkGTL5ZwyvmhphPZELt0YK3DNxsdFSEzbwvXys.7b_iwdczEuwKlTJmpDAizzz1Wg_4q3phmCbYXgDkb_______lsdnkwFCt85KfmsSXOjept5oEsSxW9LS8ZvSXZFt_5MY3xUu9qIhZ1Lmxgl3IMZjbSyZ1lTrO4mxg1sSxH9qptrOl3xZ3T5MY3IOH9qUn5M8seOo9vXXZ1en5o_se5U9tqvZxt_5Ven5MY3xU_sSEM9tqvZdosSVXZ1tT5o43IMM9tqvZv4nr1I9tx9sSxu9qIhZueT5MY3xgI9qxZj4qhZdvmIMVsSXejESyZvqhZ1lT5Vvmxg1sSXejld3xyVi_nYQZuYtX-f.U1Yk0ZDqYn21ktM5s2HGYnhqoNo0etM58Jn0IjLF1eJWzTO0GrMfzUY0pyYqnW0Y0ATqugP9mh-bnfKdpHdBmy-bIfKspyfqn6KWpyfqPj0d0AdY5HDsnHIxn1Dzn7tknjD40AVG5H00TMfqPjcz0ANGujYznWDvnNtkPjczg1cknHcLg1DLnj0kg1cznjndg1cznHTdg1cznjTz0AFG5HcsP7tkPHR0Uynqn1R4n10vn1fdg1Dsn-ts0Z7spyfqn6Kkmv-b5H00ThIYmyTqn0KEIhsq0A7B5HKxn0K-ThTqn0KsTjYs0A4vTjYsQW0snj0snj0s0AdYTjYs0AwbUL0qn0KzpWYs0Aw-IWdsmsKhIjYs0ZKC5H00ULnqn0KBI1Ykn0K8IjYs0ZPl5fKYIgnqnHmzrHb4nH0knjTsPjTdrHn1P100ThNkIjYkPj63n1mvrjTzrjm10ZPGujdWn1FWuWn1nH0snjckm17b0AP1UHd7fHbzrjDzP1DYfbRzn16d0A7W5HD0TA3qn0KkUgfqn0KkUgnqn0KlIjYs0AdWgvuzUvYqn7tsg100uA78IyF-gLK_my4GuZnqn7tkPHfdrj6zg100uZwGujYs0ANYpyfqQHD0mgPsmvnqn0KdTA-8mvnqn0KkUymqn0KhmLNY5H00uMGC5H00XMK_Ignqn0K9uAu_myTqnfKWThnqPH04nWc&us=0.0.0.0.0.0.0&us=0.0.0.0.0.0.16,http://sh.comjia.com/project/20000318.html?channel_id=20000000&channel_put=%E9%A1%B9%E7%9B%AE%2D%E6%A0%B8%E5%BF%83%2D%E6%9D%BE%E6%B1%9F%7C%E6%96%B0%E5%9F%8E%E4%B8%8A%E5%9D%A4%E6%A8%BE%E5%B1%B1%E7%BE%8E%E5%A2%85%7C%E4%B8%8A%E6%B5%B7%E4%B8%8A%E5%9D%A4%E6%A8%BE%E5%B1%B1,2
新城上坤樾山Z里售房电话,新城上坤樾山Z里售楼处电话_地址_开盘_物业费-上海搜狐焦点网,2017年2月4日-上海新城上坤樾山Z里详情信息频道为您提供新城上坤樾山Z里售楼处电话、地址、物业费、物业电话、开盘时间、入住时间、地图、周边楼盘等最新新城上坤樾山Z里新...,http://www.baidu.com/link?url=bcwOakiIhsRXWU3ENXrEr1gTTyZ0HskzlEdLT9TDHLmTHAekrihx1CwQG3qn2iQBhLS0P6-Rirs_HmggsZXEv_,http://sh.focus.cn/loupan/20027213/xiangxi/,15
新城上坤樾山Z里1手房,新城上坤樾山Z里户型图 - 独家报道 - 房王网,2016年7月21日-新城上坤樾山Z里占地面积约33万O;建筑面积约40万O;自带约11万O大型商业配套;社区内部将规划有学校;是上海首屈一指的高端住区。项目有约23万O...,http://www.baidu.com/link?url=eSV6yCBOq7JCMz5DofYTAc7o3G_yhBUHJa0AZ1nTY-UAj2F9UqyntMzejT8_tiS1,http://sh.ihk.cn/news/100cb1482.html,12
新城上坤樾山Z里1手房,新城上坤樾山Z里样板间图片_装修样板间_样板间实景照片-上海搜狐...,2017年2月16日-上海房产 > 上海楼盘 > 松江楼盘 > 新城上坤樾山Z里 >  新城上坤樾山Z...1人 2人 3人 其它 获取验证码  我已同意[免责协议]  立即报名 热门线路 ...,http://www.baidu.com/link?url=A7h3E1QvvSpuCVfL1AS-N_GOFl849q9hCq0F-529WS0_YFdJaSDCDWI6i_6KK_TYk2kEF_0KQn3H1fzeu270ga,http://sh.focus.cn/loupan/20027213/tu-12/,9
新城上坤樾山Z里新出新房,2016年度红盘盘点之 新城上坤樾山・Z里_房地产_马可资讯,2016年12月4日-今天;小编就为你带来2016年度红盘之新城上坤樾山・Z里。 雄踞9号线...提出5大“森”活新主张;打造“山的森活馆”暨城市山民体验中心;通过“...,http://www.baidu.com/link?url=dutfOlBGGl5k0nYcjcnGrFmmBz7Kpx5wLp5lHAi8eFI7x2wlRTQPz6h-aoMvZJS4,http://news.makepolo.com/6817113.html,8
新城上坤樾山Z里新楼盘,上坤樾山楼盘-2017上海新房信息-楼盘详情,侃家网贴近用户的房产信息网，针对上坤樾山楼盘，为您提供透明的新房信息，上坤樾山楼盘，购房全流程服务，咨询师帮您解决买房问题，侃家新房网，新房侃家帮您选。嘉定新房去看看嘉定新房全新嘉定楼盘信息松江新房去看看松江新房全新松江楼盘信息青浦新房去看看青浦新房全新青浦楼盘信息上海新房去看看上海新房收录上海新房信息查看更多相关信息>>,http://www.baidu.com/baidu.php?url=mzmK00KoSMmULNl5WtmJE9588qr0fDy2Xrf8alZQYeJX2XT9vZ_YoIuvw3e61h16LwQBPx-NQe5-m7P4IVHFBbHDhmG_i6c0yL76PhtNVP8c3KvQhiANB0OrYFqiK2xWNpWniMQEMsKkjHG6gexPL_qICYJpJudvKzZmeaoP8jP8MLBKvs.Db_iwdczEuwKlTJmpDAizzz1Wg_4q3phmCbYXgDkb_______lsdnkwFCt85KfmsSXOjept5oEsSxW9LS8ZvSXZFt_5MY3xUu9qIhZ1Lmxgl3IMZjbSyZ1lTrO4mxg1sSxH9qptrOl3xZ3T5MY3IOH9qUn5M8seOo9vXXZ1en5o_se5U9tqvZxt_5Ven5MY3xU_sSEM9tqvZdosSVXZ1tT5o43IMM9tqvZv4nr1I9tx9sSxu9qIhZueT5M8seO-9qEu9tSMjeIhZdtt5M8sSVXZdosSxH9q8ejlOj9tOZjEqTrOmGyAp7BEW_zU-0.U1Yk0ZDqYn21ktM5s2HGYnhqoNo0eqjasJg710KY5TM5s2HGYnhqsJg710KGUHYznjf0u1dBugK1nfKdpHdBmy-bIfKspyfqn6KWpyfqPj0d0AdY5HDsnHIxn1Dzn7tknjD4g1nvnjD0pvbqn0KzIjY1PWc0uy-b5HDYnWNxnHbsn1PxnWDknj9xnWcsn1NxnWckP1uxnW04nW60mhbqnW0Yg1DdPfKVm1Y1PHb1njm1PjNxnH0zg1Kxn0KkTA-b5H00TyPGujYs0ZFMIA7M5H00ULu_5HDsnj01Qywlg1DsnHR4Qywlg1DsnW03Qywlg1DsnWfkQH7xnH0zP1nVnNtknjnsnzYkg1Dsn1csQywlg1Dsn1RYQH7xnH0YnHmVuZGxnH0YnWcVuZGxnHcsQHDsP-tknWDVPNtknWcVPNtknWfVuZGxnW0LHaYknjuxPjnzraYzn-tYrj6sQywlg1R1PaYsg1RYPWTVndtdPjbzQHFxPHTYPBdbX-tdP1TLQywlg1mkrjTVn7tvnWTLQHDvg1mYn1cVuZGxPWfYnBdbX-tvPHDvQywlg1mvnjbVuZGxPWmLnzdbX-tvP1nsQHPxPWTdnzdbX-tvrj0dQH7xPW6zPidbX-tvrjc4QHPxPW61nzY1g1m3n16VPWm3n-tvrH0LQHNxPWbdnzdbX-tvrHbLQywlg16vnaYY0A7B5HKxn0K-ThTqn0KsTjYs0A4vTjYsQW0snj0snj0s0AdYTjYs0AwbUL0qn0KzpWYs0Aw-IWdsmsKhIjYs0ZKC5H00ULnqn0KBI1Ykn0K8IjYs0ZPl5fKYIgnqnHTsPWfYPjf4rHf4nWRdnHckPHc0ThNkIjYkPj63n1mLnj0vrHDv0ZPGujdbnARLnhmLuW0snjcLnHTs0AP1UHY4nbwKrD77rjmznDc4f16Y0A7W5HD0TA3qn0KkUgfqn0KkUgnqn0KlIjYs0AdWgvuzUvYqn7tsg1Kxn0Kbmy4dmhNxTAk9Uh-bT1Ysg1Kxn7ts0AwYpyfqn0K-IA-b5iYk0A71TAPW5H00IgKGUhPW5H00Tydh5H00uhPdIjYs0AulpjYs0ZGsUZN15H00mywhUA7M5HD0mLFW5HfznHT&us=0.0.0.0.0.0.0&us=0.0.0.0.0.0.11,http://sh.comjia.com/project/20000318.html?channel_id=20000000&channel_put=%E9%A1%B9%E7%9B%AE%2D%E6%A0%B8%E5%BF%83%2D%E6%9D%BE%E6%B1%9F%7C%E6%96%B0%E5%9F%8E%E4%B8%8A%E5%9D%A4%E6%A8%BE%E5%B1%B1%E7%BE%8E%E5%A2%85%7C%E4%B8%8A%E5%9D%A4%E6%A8%BE%E5%B1%B1%E6%A5%BC%E7%9B%98,8
新城上坤樾山Z里售房电话,【新城上坤樾山Z里】 上海新城上坤樾山Z里价格、售楼处电话、...,2016年9月3日-新城上坤樾山Z里售楼处电话号码:400-7055-353转3994;为你提供新城上坤樾山Z里最新价格、图片、户型、交通及周边配套、业主论坛。新城上坤樾山Z里开...,http://www.baidu.com/link?url=t0xUUwpvbwO6Us4AmroyQ__WN2iop1dujM5fD-loRsOClTPMxu-LIkwIMZeVs9Pc,http://sh.jiwu.com/loupan/291257.html,8
新城上坤樾山Z里上海新房,新城上坤樾山Z里怎么样?新城上坤樾山Z里和恒大御景湾哪个好?-...,搜房网 > 上海新房 > 楼盘对比 (新城上坤樾山Z里怎么样?) 快速添加 楼盘对比 楼盘对比  楼盘名称 新城上坤樾山Z里  恒大御景湾  用户评分 4.35分 共171...,http://www.baidu.com/link?url=NzSxfNTKrQ7yy7xXFaDCU0m8YdxLy_3lY4dWwoJGjis2Fa8k4w01v4UFNeX8zBihNXoGD84K2nVvkCJcwtFOmKSJmNLyCrnTu0THU3ECn0a,http://newhouse.sh.fang.com/duibi/1210125048_1211210372.htm,3
新城上坤樾山Z里上海,2017上海新城上坤樾山 上海新城上坤樾山价格,链家网提供全面的上海新城上坤樾山信息及2017上海新城上坤樾山价格.链家网;您的私人购房顾问.上海新城上坤樾山信息;真实价格;链家网为您购买上海新城上坤樾山提供快捷的..,http://www.baidu.com/baidu.php?url=mzmK00jUx8n91kws2CiuEIPrr7I4AZ4W-mw8rd1gatg4UntgkhgyKFA_EbCb612FIJktf5rHfsuDm-6yaRmd44R1K0TiNiMaJRzvVL8_F5pi20Gnvzc8kx76jPv3P6OKeHthgu9Io_ynsFVX2o63WW68VJJrH9lSQ46VAzWT81G01tYL5s.7Y_iwdXyVMP4Rg_kug_C68Hfuxw6lZkfdF1wdn48LK7CsFWJuBe32AM-WI6h9ikX1BsTEwol32AM-YG8x6Y_mtT5gKfYtVKnv-Wj4qhZdvmIMVsSxH9qIvZdtT5MY3IOH9qUn5M8seOo9vXXZ1en5o_se5U9tqvZxt_5Ven5MY3xU_sSEM9tqvZdosSVxgKfYt_QCJamJjAZ1en5o_se5U9tSMjle_5o33x5GsSLI9qx9sSxW9LS8Zx_l32AM-9uY3vglChn5MY3xU8sSEs3x5kseOgjEv2N9h9m3tIMZcC.U1Yz0ZDqYn21ktM5s2HGYnhqoNo0etM58Jn0IjLF1eJWYn21ktM5s2HGYnhq0A-V5HcsP0KM5yN1myFGujD0Iybqmh7GuZR0TA-b5Hc0mv-b5HfsPfKVIjYknjDLg1DsnHPxnH0krfKopHYs0ZFY5Hfzn6K-pyfqnWckPW7xnHfzn-tznHDzPdtkP10snNtznW01PNtznWDLPNtznW0Ln6KBpHYznjwxnHRd0AdW5Hnvrj01PjnkPNtzPWczPWD3rj64g1nvrjRkPjcknfKkTA-b5Hc0TyPGujYs0ZFMIA7M5H00ULu_5fK9mWYsg100ugFM5H00TZ0qn0K8IM0qna3snj0snj0sn0KVIZ0qn0KbuAqs5H00ThCqn0KbugmqTAn0uMfqn0KspjYs0Aq15H00mMTqnH00UMfqn0K1XWY0IZN15HDsrHfLPHn3PWc4nj04PHcYnH0s0ZF-TgfqnHf3rjnvPW6LnW6vnsK1pyfqm1nzmvm1n1Dsnj0znynku0KWTvYqwRD4nW6knWTkPDF7nWn3PfK9m1Yk0ZK85H00TydY5H00Tyd15H00XMfqn0KVmdqhThqV5HKxn7ts0Aw9UMNBuNqsUA78pyw15HKxn7ts0AwYpyfqn6K-IA-b5iYk0A71TAPW5H00IgKGUhPW5H00Tydh5H00uhPdIjYs0AulpjYs0ZGsUZN15H00mywhUA7M5HD0mLFW5HDYnjcY&us=0.0.0.0.0.0.10&us=0.0.0.0.0.0.26,http://sh.fang.lianjia.com/detail/xinchengshangkunyueshan?utm_source=baidu_xf&utm_medium=ppc&utm_term=%E4%B8%8A%E6%B5%B7%E6%96%B0%E5%9F%8E%E4%B8%8A%E5%9D%A4%E6%A8%BE%E5%B1%B1&utm_content=%E4%B8%8A%E6%B5%B7%E6%A5%BC%E7%9B%98&utm_campaign=%E6%A5%BC%E7%9B%98,3
新城上坤樾山Z里热线,新城上坤樾山Z里:国家公园前地标城市_上海_楼盘评测_安居客,2016年7月7日-新城上坤樾山Z里 参考价格: 40400 元/m  电话: 400 006 1382  开发商: 上海佘山乡村俱乐部有限公... 楼盘地址: 松江 - 佘山 嘉松南路塘砖路交口以...,http://www.baidu.com/link?url=ykhXRE11mq3V7QEhrPw2N96XXket1jSoJ_X84JYbQVgTXrim0-Wh5Q1MRquUKNOaHQRuDZ1dBu9ROLMykdKDYg2ENZuy2XugLhYyTC7n1K_,http://sh.fang.anjuke.com/louping/2016-07-07/350444-pan411718.html,8
购新城上坤樾山Z里新房,新城上坤樾山-3月上海新房-上海新楼盘,侃家网贴近用户的房产信息网;针对新城上坤樾山;为您提供透明的新房信息;新城上坤樾山;购房全流程服务;咨询师帮您解决买房问题;侃家新房网;新房侃家帮您选.嘉定新房去看看嘉定新房全新嘉定楼盘信息松江新房去看看松江新房全新松江楼盘信息青浦新房去看看青浦新房全新青浦楼盘信息上海新房去看看上海新房收录上海新房信息查看更多相关信息>>,http://www.baidu.com/baidu.php?url=mzmK000iQKEtmHNwW1Tl1CQQQYsClaQJ9R32LIVxI5TBBMDu-wrF9dlA9mVesfnrfKEX7QRYWX7vz9JKs_P1mtUfv03KsigkkbjZav1uXEuTFjpc1T0VNxPR9Zb9cHr0CtSACZcQlDJsPWUUKiUUsU6wBhFsZVgxsvU1wzbu2k76xoLzFs.DD_iwdczEuwKlTJmpDAizzz1Wg_4q3phmCbYXgDkb_______lsdnkwFCt85KfmsSXejlet5oqT5MY3xgW9LS8ZFt_5MEsSvEjlet5M33IOo9qEM9tqvZxu9vxQj4SrZvSrZd_s45-9tSMjESyZdtt5MY3xyEjES8ZkSZj4qrZxY3xy1j4e_rOl3IMM9tS1jlenr1v3x5I9LOQjeX1j4qrZven5o43x5I9qpt5og9tOZjlSXZu43x5I9q8Hj_LmxZ3T5MY3IOH9qUn5M8seOo9vXXZ1en5o_se5U9tqvZxt_5Ven5MY3xU_sSEM9tqvZdosSVp-muCyPLH3e-.U1Yk0ZDq8Uofso5ZzTO0GrMfzUvVy_jEYn2LEsKY5Ija_txF1tablIjFEfKGUHYznjf0u1dBuZCs0ZNG5yF9pywd0ZKGujYz0APGujYYnjR0UgfqnH0kPdt1nHcsg1DsnHb0pvbqn0KzIjY1PWc0uy-b5HDYnWNxnHbsn1PxnWDknj9xnWcsn1NxnWckP1uxnW04nW60mhbqnW0Y0AdW5HndrHnsPWnYPNtknjFxn0KkTA-b5H00TyPGujYs0ZFMIA7M5H00ULu_5HmkrjTVn7tvPW04Qywlg1m3n16VPWm3n-tvrHbLQywlg16vnaYY0A7B5HKxn0K-ThTqn0KsTjYs0A4vTjYsQW0snj0snj0s0AdYTjYs0AwbUL0qn0KzpWYs0Aw-IWdsmsKhIjYs0ZKC5H00ULnqn0KBI1Ykn0K8IjYs0ZPl5fKYIgnqnHmdPjn1PjmdPW0LPWbdP1TsnWm0ThNkIjYkPj63n1mLnj0LPjmL0ZPGujdbPH-hn1--mW0snjczP1D40AP1UHY4nbwKrD77rjmznDc4f16Y0A7W5HD0TA3qn0KkUgfqn0KkUgnqn0KlIjYs0AdWgvuzUvYqn7tsg100uA78IyF-gLK_my4GuZnqn7tkPHfdrj6zg100uZwGujYs0ANYpyfqQHD0mgPsmvnqn0KdTA-8mvnqn0KkUymqn0KhmLNY5H00uMGC5H00XMK_Ignqn0K9uAu_myTqnfKWThnqnHbsnHR&us=0.0.0.0.0.0.0&us=0.0.0.0.0.0.11,http://sh.comjia.com/project/20000318.html?channel_id=20000000&channel_put=%E5%B9%BF%E6%B3%9B%2D%E9%A1%B9%E7%9B%AE%E5%90%8D%E7%A7%B0%2D%E6%9D%BE%E6%B1%9F%7C%E6%96%B0%E5%9F%8E%E4%B8%8A%E5%9D%A4%E6%A8%BE%E5%B1%B1%E7%BE%8E%E5%A2%85%7C%E6%96%B0%E5%9F%8E%E4%B8%8A%E5%9D%A4%E6%A8%BE%E5%B1%B1,7
上海新城上坤樾山Z里新上楼盘,上海上坤樾山楼盘-3月上海新房-上海新楼盘,侃家网贴近用户的房产信息网;针对上海上坤樾山楼盘;为您提供透明的新房信息;上海上坤樾山楼盘;购房全流程服务;咨询师帮您解决买房问题;侃家新房网;新房侃家帮您选.,http://www.baidu.com/baidu.php?url=mzmK00KchaNMYFfMFJ0cVXY2Fz9IjaLL6i4ty1xxcph2Ya5KJrV_tt-9PHLw96imnjcBVcbhXNifl84El2QaJyC0Y5Ycg25pgUCwCfcJx1YwQuGh5edVxtIU9-j4RNT0rvXLWH4DbSJIMnenLXSnWGmh2lOPAw5JLZWPleDv0PmUIkWd4s.7D_iwdczEuwKlTJmpDAizzz1Wg_4q3phmCbYXgDkb_______lsdnkwFCt85KfmsSXOjept5oEsSxW9LS8ZvSXZFt_5MY3xUu9qIhZ1Lmxgl3IMZjbSyZ1lTrO4mxg1sSxH9qptrOl3xZ3T5MY3IOH9qUn5M8seOo9vXXZ1en5o_se5U9tqvZxt_5Ven5MY3xU_sSEM9tqvZdosSVXZ1tT5o43IMM9tqvZv4nr1I9tx9sSxu9qIhZueT5MY3xgI9qxZj4qhZdvmIMVsSXejESyZvqhZ1lT5Vvmxg1sSXejld3xyEj4qrZve_5otrZ1tTrOdseqB-muCyr1_Le2d0.U1Yk0ZDqzTSlCqja_txF1tablIjFEpdpsrOfs_M5sJg710KY5TM58J5F1tablIjFET2-kTs0pyYqnW0Y0ATqmhNsT100Iybqmh7GuZR0TA-b5Hc0mv-b5HfsPfKVIjYknjDLg1DsnH-xn1msnfKopHYs0ZFY5HDdPsK-pyfqnHfdPdtznHDzP-tkP10snNtznW01PNtznWDLPdtznW0LnsKBpHYznjwxnHRd0AdW5HndrHnsPWnYPNtsg100TgKGujYz0Z7Wpyfqn0KzuLw9u1Ys0AqvUjYknjDsraYzg1DsnW03Qywlg1DsnWbkQH7xnH01n1fVnNtknjnYPzdbX-tknjnLnBdbX-tknjn4ridbX-tknjfsnzdbX-tknjfsPzdbX-tknjfkPBdbX-tknW0VuZGxnHczQywlg1c1nW6VPWT1P-tzPWm4Qywlg1cvPW-mQywlg1fdrjfVuZGxPjR4PBY1g1R1P1nVnNtdPjbzQHNxPHTzQywlg1RLP1TVnNtdrHnLQywlg1msnj6VuZGxPWfzPadbX-tvPjfzQywlg1mYPWmVuZGxPWRkPBY1g1mdn10Vn-tvPWn4QH7xPWm4riY1njKxPWTdnzY1g1mLrjTVuZGxPW61nzdbX-tvrH0LQywlg1m4Pj6VnNtvrHR4Qywlg1m4rHTVuZC0mycqn7ts0ANzu1Ys0ZKs5H00UMus5H08nj0snj0snj00Ugws5H00uAwETjYs0ZFJ5H00uANv5gKW0AuY5H00TA6qn0KET1Ys0AFL5HDs0A4Y5H00TLCq0ZwdT1YkP1fkPjmzrjnsP1T4nWmdn16Yn0Kzug7Y5HDYrj61PWm3rjRYrjD0Tv-b5yRvnhFhPWf4nj0snWmkPAf0mLPV5HwAwjTkf1IAnYPDf163fHb0mynqnfKsUWYs0Z7VIjYs0Z7VT1Ys0ZGY5H00UyPxuMFEUHYsg1Kxn0Kbmy4dmhNxTAk9Uh-bT1Ysg1Kxn0KbIA-b5H00ugwGujYVnfK9TLKWm1Ys0ZNspy4Wm1Ys0Z7VuWYs0AuWIgfqn0KhXh6qn0KlTAkdT1Ys0A7buhk9u1Yk0APzm1YYnWf4r0&us=0.0.0.0.0.0.0&us=0.0.0.0.0.0.6,http://sh.comjia.com/project/20000318.html?channel_id=20000000&channel_put=%E9%A1%B9%E7%9B%AE%2D%E6%A0%B8%E5%BF%83%2D%E6%9D%BE%E6%B1%9F%7C%E6%96%B0%E5%9F%8E%E4%B8%8A%E5%9D%A4%E6%A8%BE%E5%B1%B1%E7%BE%8E%E5%A2%85%7C%E4%B8%8A%E6%B5%B7%E4%B8%8A%E5%9D%A4%E6%A8%BE%E5%B1%B1%E6%A5%BC%E7%9B%98,2
上海新城上坤樾山Z里新出楼盘,上海上坤樾山楼盘-2017上海新房信息-楼盘详情,侃家网贴近用户的房产信息网;针对上海上坤樾山楼盘;为您提供透明的新房信息;上海上坤樾山楼盘;购房全流程服务;咨询师帮您解决买房问题;侃家新房网;新房侃家帮您选.,http://www.baidu.com/baidu.php?url=mzmK00K_jv0sLHMKvdhWd3OZnKgLpNJPip-VrI1eIKvGGU8zZtB2LKsfM1liPOBbWE5ic41wYCsmaNghOtHCjXlMsvD8qrMDeFAwHJ51_-RgjY0x4xLcjb9xan5ecACz0N7z4K-Ifr4XFmW2rajeQ9UdH_dLyZKfKSKnB15kdXZOvP7xes.7D_iwdczEuwKlTJmpDAizzz1Wg_4q3phmCbYXgDkb_______lsdnkwFCt85KfmsSXOjept5oEsSxW9LS8ZvSXZFt_5MY3xUu9qIhZ1Lmxgl3IMZjbSyZ1lTrO4mxg1sSxH9qptrOl3xZ3T5MY3IOH9qUn5M8seOo9vXXZ1en5o_se5U9tqvZxt_5Ven5MY3xU_sSEM9tqvZdosSVXZ1tT5o43IMM9tqvZv4nr1I9tx9sSxu9qIhZueT5MY3xgI9qxZj4qhZdvmIMVsSXejESyZvqhZ1lT5Vvmxg1sSXejld3xyEj4qrZve_5otrZ1tTrOdseqB-muCyr1_Le2d0.U1Yk0ZDqzTSlCqja_txF1tablIjFEpdpsrOfso5vsJg710KY5TM58J5F1tablIjFET2-kTs0pyYqnW0Y0ATqmhNsT100Iybqmh7GuZR0TA-b5Hc0mv-b5HfsPfKVIjYknjDLg1DsnH-xn1msnfKopHYs0ZFY5HDdPsK-pyfqnHfdPdtznHDzP-tkP10snNtznW01PNtznWDLPdtznW0LnsKBpHYznjwxnHRd0AdW5HndrHnsPWnYPNtsg100TgKGujYz0Z7Wpyfqn0KzuLw9u1Ys0AqvUjYknjDvridbX-tknjD3nzYkg1DsnW03Qywlg1DsnWn3Qywlg1DsnWbkQywlg1Dsn1cLQH7xnH01PjTVnNtknjndPaYkg1Dsn1TzQHFxnH0YnjTVuZGxnH0YnWbVuZGxnHcsQywlg1DznidbX-tzPWm4Qywlg1cvPW-mQywlg1fsn1mVuZGxPjnYraYkg1f3PHcVnNtdnjm4Qywlg1RYPWTVP7tdPj6LQywlg1RYrHcVPNtdP1TLQH7xPHT3nBY1g1R3PHfVuZGxPW0sraY1g1mkPjnVuZGxPWf1nBdbX-tvPjfzQywlg1mvnHnVnNtvPWT1Qywlg1mvrj6VuZGxPWTsridbX-tvP1nsQywlg1mLPHnVn-tvrjb3QH7xPWbsPzYYg1m4rHTVuZC0mycqn7ts0ANzu1Ys0ZKs5H00UMus5H08nj0snj0snj00Ugws5H00uAwETjYs0ZFJ5H00uANv5gKW0AuY5H00TA6qn0KET1Ys0AFL5HDs0A4Y5H00TLCq0ZwdT1YkP1fkPjmzrjnsP1T4nWmdn16Yn0Kzug7Y5HDYrj61PWm3rjRYP1m0Tv-b5ywhuW0kn1Rsnj0snWTvrAR0mLPV5HwAwjTkf1IAnYPDf163fHb0mynqnfKsUWYs0Z7VIjYs0Z7VT1Ys0ZGY5H00UyPxuMFEUHYsg1Kxn0Kbmy4dmhNxTAk9Uh-bT1Ysg1Kxn0KbIA-b5H00ugwGujYVnfK9TLKWm1Ys0ZNspy4Wm1Ys0Z7VuWYs0AuWIgfqn0KhXh6qn0KlTAkdT1Ys0A7buhk9u1Yk0APzm1YdPjRzn6&us=0.0.0.0.0.0.0&us=0.0.0.0.0.0.6,http://sh.comjia.com/project/20000318.html?channel_id=20000000&channel_put=%E9%A1%B9%E7%9B%AE%2D%E6%A0%B8%E5%BF%83%2D%E6%9D%BE%E6%B1%9F%7C%E6%96%B0%E5%9F%8E%E4%B8%8A%E5%9D%A4%E6%A8%BE%E5%B1%B1%E7%BE%8E%E5%A2%85%7C%E4%B8%8A%E6%B5%B7%E4%B8%8A%E5%9D%A4%E6%A8%BE%E5%B1%B1%E6%A5%BC%E7%9B%98,2
上海新城上坤樾山Z里,新城上坤樾山Z里-全新房源信息-楼盘详情-上海安居客,,http://www.baidu.com/link?url=erBGJLC1YuQTwqeBxC2jBjbx5GRdNO3FM2_O_Sj2z3rekOSlEDgRD7nRx5hP7_wu3DYto3WdZbAPxlS8TV89Da5yWaz6g573odT702bW5xjmRHxSPgFKBCqGDG1zGcPz,http://sh.fang.anjuke.com/loupan/416177.html?pi=Alading-bdpc-xf-jingzhun-title,6
上海新城上坤樾山Z里新楼盘,新城上坤樾山明月;上海新城上坤樾山明月房价;楼盘户型;周边配套;...,2017年1月19日-新城上坤樾山Z里;在售公寓;户型为91平3房、115平4房;均价40400元/平...新城上坤樾山明月楼盘频道;提供上海新城上坤樾山明月房价;楼盘户型;楼盘产...,http://www.baidu.com/link?url=6EfSnaARmzsF7aLduzYYhAprDeW4dfVoiHcas3QLxgubwN2zputZu76LLGF8LYrs67Sqs8KipY3qIKemQI0uE_,http://sh.fang.anjuke.com/loupan/411718.html,3
新城上坤樾山Z里户型,新城上坤樾山Z里户型图-上海楼盘网,优势:新城上坤樾山Z现在在售的房源已经不多;再不出手的话;说不定明天就没了;好房子好楼盘都是非常抢手的! 热心网友 3效果图 4户型图 户型点评...,http://www.baidu.com/link?url=rMRoNsqKXiVWBfU2nIk1606Fk18H2CKgpoMSdGEgBJJR1PlRT6LKNxY9QB2E1O4-nI9puHTn-7Hw8wEZ-QVEeQxANgDXzSKAggxbaTylO7xqToNzJtywHErSnVAp2eHe,http://sh.loupan.com/loupan/xinchengshangkunyueshan/huxing/6_n1500722.html,7
上海新城上坤樾山Z里新开楼盘,2017上海新城上坤樾山，上海新城上坤樾山价格,链家网提供全面的上海新城上坤樾山信息及2017上海新城上坤樾山价格。链家网，您的私人购房顾问。上海新城上坤樾山信息，真实价格，链家网为您购买上海新城上坤樾山提供快..,http://www.baidu.com/baidu.php?url=mzmK00jHPelCvbqsDR7QWFPZNh9hEl1CP56lOfI0KxrJHMS_ic-OS_OO9_guygSiYQw-fBFSTqVn3L0ftDxwfxtbQ0xlmabGwLFNYhYdoThh-6DvzgN58150jH2hT-sy9uIRBhT4gI1Js6yC5PtlBzmTKnUhz-TA4bCTH2b1w683Bgzk3f.7Y_iwdXyVMP4Rg_kug_C68Hfuxw6lZkfdF1wdn48LK7CsFWJuBe32AM-WI6h9ikX1BsTEwol32AM-YG8x6Y_mtT5gKfYtVKnv-Wj4qhZdvmIMVsSxH9qIvZdtT5MY3IOH9qUn5M8seOo9vXXZ1en5o_se5U9tqvZxt_5Ven5MY3xU_sSEM9tqvZdosSVxgKfYt_QCJamJjAZ1en5o_se5U9tSMjle_5o33x5GsSLI9qx9sSxW9LS8Zx_l32AM-9uY3vglChn5MY3xU8sSEs3x5kseOgjEv2N9h9m3tIMZcC.U1Yk0ZDqzTSlCqja_txF1tablIjFEpdpsrOfsoSJsJg710KY5TM58J5fso5ZzTO0GrMfzUY0pyYqnWcL0ATqmh3sn0KdpHdBmy-bIfKspyfqn6KWpyfqPj0d0AdY5HDsnHIxnH0kndtknjD4g1nvnjD0pvbqn0KzIjYVnfK-pyfqnWckPWNxnHfdP7tznWDYP7tznH04P7tkP10snNtznW01PdtznWDLPNtznW0LnsKBpHYznjwxnHRd0AdW5Hnvrj01PjnkPNtzPWczPWD3rj64g1nvrjRkPjcknNts0Z7spyfqn6Kkmv-b5H00ThIYmyTqn0KEIhsqnWmvridbX-tzPWm4yadbX-tvPW6sQH00mycqn7ts0ANzu1Ys0ZKs5H00UMus5H08nj0snj0snj00Ugws5H00uAwETjYs0ZFJ5H00uANv5gKW0AuY5H00TA6qn0KET1Ys0AFL5HDs0A4Y5H00TLCq0ZwdT1YknjbYP1R1rjmzrH0srHRzPjDsn0Kzug7Y5HDYrj61PWm3P1DsrHm0Tv-b5ynLPvR1nW7Bnj0sn1FhrHn0mLPV5Hm3njDYwHfdPH0YwH-AfHc0mynqnfKsUWYs0Z7VIjYs0Z7VT1Ys0ZGY5H00UyPxuMFEUHYsg1Kxn7ts0Aw9UMNBuNqsUA78pyw15HKxn7tsg100uZwGujYz0ANYpyfqQHD0mgPsmvnqn0KdTA-8mvnqn0KkUymqn0KhmLNY5H00uMGC5H00XMK_Ignqn0K9uAu_myTqnfKWThnqn1DvPWb&us=0.0.0.0.0.0.11&us=0.0.0.0.0.0.17,http://sh.fang.lianjia.com/detail/xinchengshangkunyueshan?utm_source=baidu_xf&utm_medium=ppc&utm_term=%E4%B8%8A%E6%B5%B7%E6%96%B0%E5%9F%8E%E4%B8%8A%E5%9D%A4%E6%A8%BE%E5%B1%B1&utm_content=%E4%B8%8A%E6%B5%B7%E6%A5%BC%E7%9B%98&utm_campaign=%E6%A5%BC%E7%9B%98,6
新城上坤樾山Z里新上楼盘,新城上坤樾山Z里详情介绍 - 踩盘报告 - 房王网,2016年7月21日-新城上坤樾山Z里占地面积约33万O;建筑面积约40万O;自带约11万O大型商业配套;社区内部将规划有学校;是上海首屈一指的高端住区。 项目有约23万...,http://www.baidu.com/link?url=ClwwAgiXSjFXFAuhuoDBCk2Lc2A489VI8TwanaT7QUp8xbPK7NEZv3Qt05nvby7w,http://sh.ihk.cn/news/100cb1650.html,6
新城上坤樾山Z里热线,新城上坤樾山Z里,2016年7月21日-新城上坤樾山Z里1喜欢 采集到画板地产/ 微信 地产/ 微信 上山打草 同采自 newhouse.sh.fang.com该采集也在以下画板 加载更多 推荐给你的采集 douban.com  ...,http://www.baidu.com/link?url=AUDzbGY7DrIzIJZsdKoyiYm5qncHXJaSMFXD0a7nvfyxIuk5VHSF40C2yJY-LSb1,http://huaban.com/pins/792218940/,6
新城上坤樾山Z里位置,新城上坤樾山Z里交通状况地理位置图 - 踩盘报告 - 房王网,2016年7月21日-摘要:新城上坤樾山Z里项目由新城地产和上坤置业联合打造;项目位于松江区佘山板块;享有佘山国家森林公园的景观资源;项目售楼处(未来改造为会所)。  查...,http://www.baidu.com/link?url=Nup7Wa6orm_YXVBHU4QEunCvrjnIHMxrHnTNXngNHuwvd1GqxcShAb-JSV7FaiE2,http://sh.ihk.cn/news/100cb1161.html,6
新城上坤樾山Z里新开盘楼盘出售,新城上坤樾山Z里房价_新城上坤樾山Z里价格-上海搜狐焦点网,2017年2月13日-> 上海楼盘 > 松江楼盘 > 新城上坤樾山Z里 > ...48000 叠加别墅单价48000-50000元/平;后期开盘价格...新弘墅园| 恒大帝景(备案名:恒大茸景佳苑)| 合...,http://www.baidu.com/link?url=ejFbCHPob_XrQB1eAVCx6WkHfEwKUQN8I29BWimP5sBa94in5uvsso0Oye9ma0wit7eTjrVBV9ltNfF0kTLrU_,http://sh.focus.cn/loupan/20027213/fangjia/,6
上海新城上坤樾山Z里,上海新城上坤樾山Z里;新城上坤樾山Z里户型图;新城上坤..._安居客,上海新城上坤樾山Z里最新楼盘详情;松江-佘山楼盘新城上坤樾山Z里最新报价;最新户型;最新周边配套信息;尽在安居客,http://www.baidu.com/link?url=H1kjqN8c0_pblacHYlGonWYLA6hktrWqcAQutjxUGN5aTgCywiI-KgnoRsGJW6reVlWSC5tkccHlPGe3Res3Vq,http://www.anjuke.com/xinfang/sh-lp411718/,4
新城上坤樾山Z里上海新楼盘,2016年度红盘盘点之新城上坤樾山・Z里 C上海 楼市动态 C 安居客,2016年12月3日-今天;小编就为你带来2016年度红盘之新城上坤樾山Z里。 雄踞9号线佘山板块 启幕城居时代 当9号线驶入佘山;10站直达徐家汇生活圈;在大虹桥经济...,http://www.baidu.com/link?url=fDLx2aY0J8ylB5D6en_uEFrFdaZfj8RVp1KbLL71m5z9kGhFjD_FtjZR6pa27HDGHlBZ6C1Xd4ERgHqVBCCrnK,http://sh.fang.anjuke.com/news/2016-12-03/368165.html,4
新城上坤樾山Z里新房出售,新城上坤樾山Z里新房出售_新城上坤樾山Z里房源信息-上海搜狐...,6天前-上海搜狐焦点网为您提供新城上坤樾山Z里房源信息;包括新城上坤樾山Z里新房出售售楼处电话(400-099-0099 转 62500);房源量;位置、图片、周边配套等相关信息;让...,http://www.baidu.com/link?url=D0Cyq0-EK1w3LVOnhpakBpaOC5KMU6Ay4sZL2hTCKcures_9WE2BHtPeZWovoVp0CjKLSfgb8pKqUUCpZpsoC_,http://sh.focus.cn/loupan/20027213/fangyuan/,5
上海新城上坤樾山Z里新上楼盘,新城上坤樾山_上海新城上坤樾山_楼盘详情_网易房产上海站,网易房产2月15日报道 新城上坤樾山四季在售91-155平公寓和119-130平叠加;均价43000元/平;详情请咨询售楼处。【买房?贷款?怎么计... 详情>  201...,http://www.baidu.com/link?url=RE2Vo1VPIld1ccQma-YXwo34GEC6VHh8wT0VC-iu0HRx2cqh_ZuujWMvfZY4A8En,http://xf.house.163.com/sh/BRET.html,2
上海新城上坤樾山Z里新开盘楼盘,新城上坤樾山・Z里 再一次怦然心动! C上海 特色楼盘 C 安居客,2016年11月10日-纵观2016年上海在售新盘;位于9号线佘山板块的新城上坤樾山・Z里;一直是楼市焦点所在。一方繁华墅境;启幕佘山城市人居;让不少首次置业和人居改善的...,http://www.baidu.com/link?url=KYUtD4jQHlbEv8l3PdYe928YT9pOtBCpZrPGCIv_DPOQrcRKuVbJ13VqRSc2cKLxEyg6vfEfv2bJCsn4yBAqoq,http://sh.fang.anjuke.com/news/2016-11-10/366769.html,4
新城上坤樾山Z里出售热线,新城上坤樾山Z里在售公寓和叠加别墅_新城上坤樾山Z里_电话 官方...,2016年10月27日-2016年10月27日讯:新城上坤樾山Z里目前在售公寓和叠加别墅;其中公寓面积为约91O的3房和115O的4房;均价约45000元/O;叠加别墅中上叠面积为约120O;...,http://www.baidu.com/link?url=An8T_9zF4kc10f1hamJkcU9weKXJ0CLfjY_HwAn1vNqK302iW0ZHTV3nxXlSwWHJRSLRSg80pSCFs1kcsGiO997xwQqMCcFDGVwi0zbWCSS,http://sh.fang.anjuke.com/dongtai/2016-10-27/991417.html,3
新城上坤樾山Z里售楼部,新城上坤樾山Z里-楼盘详情-凤凰房产上海,凤凰房产为您提供新城上坤樾山Z里(售楼电话:400-818-5005转39650);位于上海松江嘉松南路塘砖路交口;包括最新价格、详尽的实景图、户型图、周边配套、开盘时间、...,http://www.baidu.com/link?url=wZd9wr5opty1PSGayienwUIoL7F9KvHFdacxRnVD35fG7LGZO-3y11JRvyHUrjwTfLGMP0W4xYf2CzwW-RGtzq,http://sh.house.ifeng.com/homedetail/265909,3
新城上坤樾山Z里买房,新城上坤樾山・Z里 再一次怦然心动!-上海楼市要闻-买房大师,2016年11月18日-纵观2016年上海在售新盘;位于9号线佘山板块的新城上坤樾山・Z里;一直是楼市焦点所在。一方繁华墅境;启幕佘山城市人居;让不少首次置业和人居改善的...,http://www.baidu.com/link?url=9jQNY9FpoyeNJi43PjFx6fsjCNnLr1gazz_VYh9aD3W19gEcMSRAf4UvRR__3eNQwgVJKj34o4L_iPZR_BcKWK,http://shanghai.fangdd.com/news/5359768.html,3
新城上坤樾山Z里出售热线,[新城上坤樾山Z里]少量房源在售总价370万起_新城上坤樾山Z里...,2017年2月13日-新城上坤樾山Z里目前仅剩少量房源在售;公寓建筑面积为91-115平;总价370万起;叠加别墅建筑面积为119-130平;总价530万起。 新城上坤樾山Z里为...,http://www.baidu.com/link?url=KC4ZgKUBgQ1KUdMCHEvgq4zOiCxYHpMwLATVOY3EjTjJzFrX2zra5oAFumDohS21m3Jek7GGfO2hte04iCTlla,http://sh.focus.cn/loupan/20027213/lpdt838979.html,3
上海新城上坤樾山Z里新出楼盘,新城上坤樾山四季_上海新城上坤樾山四季详情-上海搜狐焦点网,6天前-新城上坤樾山四季楼盘动态 更多>>  动态 [新城上坤樾山四季]上坤102平起洋房均价43000元 2017-02-13  新城上坤樾山四季在售洋房;户型为102-138平3-4房...,http://www.baidu.com/link?url=0Xsq3sll_Dok8KZjvGSAH20F90yrqlpFKItWbNqU7tZqrmUrgeSQhlfQJUDrGWppUeXDeNyFmV3p-Ip0xKGiG_,http://sh.focus.cn/loupan/20029691.html,2
新城上坤樾山Z里新开盘楼盘出售,新城上坤樾山-樾山Z里在售91至115平公寓 均价4.2万 - 导购 -上海...,2016年9月5日-新城上坤樾山-樾山Z里已经于9月3日开盘;推出91-115平米揽山公寓;一梯两户、全明通透;三开间朝南;均价约42000元/平米;约119-130平米横厅叠墅;...,http://www.baidu.com/link?url=SLrFeIPBLDdSohIsYfVWJFlUcgcKo9qn9u8WPQSxkYLMKTzQq7Omyr0eZ5Y2RKzry-g0HwGOomPYeJqQ_rbEIuFg1hYzGOiW_YzF5xT3HdJ3TIyewuRJopXmTVlojR_H,http://sh.house.sina.com.cn/scan/2016-09-05/09276178372727007919039.shtml,3
新城上坤樾山Z里楼盘热线,上坤樾山楼盘-3月上海新房-上海新楼盘,侃家网贴近用户的房产信息网;针对上坤樾山楼盘;为您提供透明的新房信息;上坤樾山楼盘;购房全流程服务;咨询师帮您解决买房问题;侃家新房网;新房侃家帮您选.sh.comjia.com2017-03评价,http://www.baidu.com/baidu.php?url=mzmK000M2KuPDeoWHgd23tKSmhKGhQxSmlGiMOsLCYsC4rmyhe5cGD-ID6pAA9rqc13Kife_3xURA43SUPDtBu9CkRSotgcpVkAfG8KSgQM-kMwAy1jYaCow6yjtWUBAWpXulEC29V61jxr_zdL_tspT-uqh23DPxKb4cY3Pf2vO3XcCHs.Db_iwdczEuwKlTJmpDAizzz1Wg_4q3phmCbYXgDkb_______lsdnkwFCt85KfmsSXOjept5oEsSxW9LS8ZvSXZFt_5MY3xUu9qIhZ1Lmxgl3IMZjbSyZ1lTrO4mxg1sSxH9qptrOl3xZ3T5MY3IOH9qUn5M8seOo9vXXZ1en5o_se5U9tqvZxt_5Ven5MY3xU_sSEM9tqvZdosSVXZ1tT5o43IMM9tqvZv4nr1I9tx9sSxu9qIhZueT5M8seO-9qEu9tSMjeIhZdtt5M8sSVXZdosSxH9q8ejlOj9tOZjEqTrOmGyAp7BEW_zU-0.U1Yk0ZDqYn21ktM5s2HGYnhqoNo0et2-kT1cznOx0ZfqzTO0GrMfzULaGTgn0A-V5HcsP0KM5gK1n6KdpHdBmy-bIfKspyfqn6KWpyfqPj0d0AdY5HDsnHIxnW0vn-tknjD40AVG5H00TMfqn1mz0ANGujYkPjcdg1D4njn1g1cknH03g1cznjndg1cznHTvg1csrHc30AFG5HcsP7tkPHR0Uynqn1R4n10vn1fdg1DkPHbsPWbsrNts0Z7spyfqn0Kkmv-b5H00ThIYmyTqn0KEIhsqPWD3PzYsg1mvnjbVuZGxPW61raYvPW6zg1m4rHTVuZGxrjRvQHKxrjmsQHf0mycqn7ts0ANzu1Ys0ZKs5H00UMus5H08nj0snj0snj00Ugws5H00uAwETjYs0ZFJ5H00uANv5gKW0AuY5H00TA6qn0KET1Ys0AFL5HDs0A4Y5H00TLCq0ZwdT1YkP10vPjfYPjb4PjbzPHRknWDdn6Kzug7Y5HDYrj61PWTsnHfYPW00Tv-b5y7-nH7BnAc4nj0snhcvPvR0mLPV5HbzwDD3fRR3PWcsfW-jrjf0mynqnfKsUWYs0Z7VIjYs0Z7VT1Ys0ZGY5H00UyPxuMFEUHYsg1Kxn0Kbmy4dmhNxTAk9Uh-bT1Ysg1Kxn0KbIA-b5H00ugwGujYVnfK9TLKWm1Ys0ZNspy4Wm1Ys0Z7VuWYs0AuWIgfqn0KhXh6qn0KlTAkdT1Ys0A7buhk9u1Yk0APzm1YLrjnd&us=0.0.0.0.0.0.0&us=0.0.0.0.0.0.8,http://sh.comjia.com/project/20000318.html?channel_id=20000000&channel_put=%E9%A1%B9%E7%9B%AE%2D%E6%A0%B8%E5%BF%83%2D%E6%9D%BE%E6%B1%9F%7C%E6%96%B0%E5%9F%8E%E4%B8%8A%E5%9D%A4%E6%A8%BE%E5%B1%B1%E7%BE%8E%E5%A2%85%7C%E4%B8%8A%E5%9D%A4%E6%A8%BE%E5%B1%B1%E6%A5%BC%E7%9B%98,2
上海新城上坤樾山Z里最新楼盘,上海新城上坤樾山Z里;新城上坤樾山Z里户型图;新城上坤..._安居客,上海新城上坤樾山Z里最新楼盘详情;松江-佘山楼盘新城上坤樾山Z里最新报价;最新户型;最新周边配套信息;尽在安居客,http://www.baidu.com/link?url=sL0KqkUN--Tbsz6B-ReyhHL1YN9HQP1KJEI3fDNwtLt9ykjuBRbO7m9mqaIYXG6vVaB-o4Tjqsv6TQ428Q_plq,http://www.anjuke.com/xinfang/cd-lp411718/,2
新城上坤樾山Z里购新房,上坤樾山-2017上海新房信息-楼盘详情,侃家网贴近用户的房产信息网;针对上坤樾山;为您提供透明的新房信息;上坤樾山;购房全流程服务;咨询师帮您解决买房问题;侃家新房网;新房侃家帮您选.,http://www.baidu.com/baidu.php?url=mzmK0003ZASjrAa4KPkHkhvQi8q97MwA30ZU7AieuFwNAYU30nsRpI9ygmB03YA_qCD1xsrbNwKf8q7wpcV0_y6SkWY6EIGcTTK6qBge2Xu0wCrAb-qrcta2VmTHIGta9RWRrLVKrqb-an9q1U5ZiSnyIX4kaoa30B6mErMwLBIvYnTDKf.7Y_iwdczEuwKlTJmpDAizzz1Wg_4q3phmCbYXgDkb_______lsdnkwFCt85KfmsSXejlet5oqT5MY3xgW9LS8ZFt_5MEsSvEjlet5M33IOo9qEM9tqvZxu9vxQj4SrZvSrZd_s45-9tSMjESyZdtt5MY3xyEjES8ZkSZj4qrZxY3xy1j4e_rOl3IMM9tS1jlenr1v3x5I9LOQjeX1j4qrZven5o43x5I9qpt5og9tOZjlSXZu43x5I9q8Hj_LmxZ3T5Mvmxgu9vXLj4e_rO4mxUvmx5GsSLu9qx5j4e_5og9qpd2s1f_TpS5WyC.U1Yk0ZDqYn21ktM5s2HGYnhqoNo0eehlYn2LEsKY5TM5s2HGYnhq0A-V5HcsP0KM5gK1n6KdpHdBmy-bIfKspyfqn6KWpyfqPj0d0AdY5HDsnHIxnH0krfKopHYs0ZFY5Hnvn6K-pyfqnHfzPNtkrH01ndtznHDsr7tznW01PNtznWDLP-tznjbzr0KBpHYznjf0Uynqn1R4n10vn1fdg100TgKGujYs0Z7Wpyfqn0KzuLw9u1Ys0AqvUjYzPWm4Qywlg1cvPW-mQywlg1mkrjTVn7tvPW04Qywlg1m3n16VPWm3n-tvrHbLQywlg16dPBYsg16vnaYY0A7B5HKxn0K-ThTqn0KsTjYs0A4vTjYsQW0snj0snj0s0AdYTjYs0AwbUL0qn0KzpWYs0Aw-IWdsmsKhIjYs0ZKC5H00ULnqn0KBI1Ykn0K8IjYs0ZPl5fKYIgnqnHTznHbLPHckPHbsrj01Pj6YnWD0ThNkIjYkPj63n1mLnjDsnWfz0ZPGujdWuhP9nAuBrH0snjcvP1FB0AP1UHY4nbwKrD77rjmznDc4f16Y0A7W5HD0TA3qn0KkUgfqn0KkUgnqn0KlIjYs0AdWgvuzUvYqn7ts0Aw9UMNBuNqsUA78pyw15HKxn0KbIA-b5H00ugwGujYVnfK9TLKWm1Ys0ZNspy4Wm1Ys0Z7VuWYs0AuWIgfqn0KhXh6qn0KlTAkdT1Ys0A7buhk9u1Yk0APzm1YknHcLP0&us=0.0.0.0.0.0.0&us=0.0.0.0.0.0.6,http://sh.comjia.com/project/20000318.html?channel_id=20000000&channel_put=%E5%B9%BF%E6%B3%9B%2D%E9%A1%B9%E7%9B%AE%E5%90%8D%E7%A7%B0%2D%E6%9D%BE%E6%B1%9F%7C%E6%96%B0%E5%9F%8E%E4%B8%8A%E5%9D%A4%E6%A8%BE%E5%B1%B1%E7%BE%8E%E5%A2%85%7C%E4%B8%8A%E5%9D%A4%E6%A8%BE%E5%B1%B1,2
新城上坤樾山Z里购新房,新城上坤樾山Z里特价房在售 算算能省多少万?-上海新房网-房天下,2017年2月21日-新城上坤樾山Z里公寓目前在售;主力户型为91-115平公寓;户型为91平3房及115平4房;均价40000元/平。新城上坤樾山Z里目前还有少量建面约119-130...,http://www.baidu.com/link?url=v453v2DX58CyO0Tk0K5DjudO4qE5PbTF5MePXNdadIcGRlTo3LuuScETBkXDmvX9S7BAzv95jk3LlUS965wjF_,http://newhouse.sh.fang.com/2017-02-21/24440480.htm,2
新城上坤樾山Z里新开盘楼盘,[新城上坤樾山Z里]已于9月3日首次开盘_新城上坤樾山Z里动态信息...,2017年2月16日-新城上坤樾山Z里已于9月3日首次开盘;推高层公寓和叠加别墅。新城上坤樾山Z里高层户型为91平3房、115平4房;总价360-450万;位于12、13号楼;3...,http://www.baidu.com/link?url=kL5mfhX4xfeHNZAfE9Y67XpPyp6QSTS0zT5kgZFLmse8FldPuLHymvPGQ2I9DpUh-cw-DvGGk9TRylUUKCpkCq,http://sh.focus.cn/loupan/20027213/lpdt777915.html,2
新城上坤樾山Z里求购,新城上坤樾山Z里_详细信息_腾讯房产,新城上坤樾山Z里轻松扫一扫楼盘全知晓 楼盘简介 新城上坤樾山Z里项目由新城地产和上坤置业联合打造;项目将建成为西上海具有标杆意义的滨水低密度、高度便捷、墅...,http://www.baidu.com/link?url=Yopq4zMkWgs1CnIAhOaS9KIqG3gTP16HUOi96yL9x2_-Oms96Rt1mRE-vw41hTV4Fzz_391Gbsj2mFSYFe_Hl_,http://db.house.qq.com/sh_176329/info.html,2
新城上坤樾山Z里在哪个地方,新城上坤樾山Z里,2016年10月13日-新城上坤樾山Z里1喜欢 采集到画板地产 采集自用户上山打草 地产 麦田丸子 同采自 newhouse.sh.fang.com该采集也在以下画板 加载更多 推荐给你的采集 douban...,http://www.baidu.com/link?url=d71QpESMrBvuJyO3Fp5mVudgjd0keL1hgQOe4NOX7yIQTJgJ2O_6OmLDTSd6Rlm5,http://huaban.com/pins/884342301,2
新城上坤樾山Z里最新楼盘信息,上海新楼盘信息 碧桂园嘉誉售楼处:400-820-8907转30389,上海新楼盘信息 碧桂园嘉誉85/115平三室洋房，均价32000-35000元/O，上海新楼盘信息碧桂园嘉誉多条地铁公交直达，看房送100元购物卡，详询售楼处400-820-8907转30389,http://www.baidu.com/baidu.php?url=uamK00aKQB-IN4awuEIFdOreVYi02kobHwcL6sWN5_brqFTBij34fOtqJU8uz3jEdSWmEjwzbpH4qAW9pJ-HnxDfXuDpsO-W5mI0-cOlQStsD2dTGyEkSdVyX2er77kuJeUS0Ig-UP5BQyHsh0begoW94BahOrRh0xumesFQDHcyWDx5H6.Db_j9JxCsnkTXMTBaqSo0Ow6uB63DLtd2s1f_IMWElXkf0.U1Yk0ZDqYn21ktM5s2HGYnhqoNo0eqx8YnQaGTgnYng5C6KY5TM58J5fs_2-kT1fkTSB0A-V5HczPsKM5gK1IZc0Iybqmh7GuZR0TA-b5Hc0mv-b5HfsPfKVIjYknjDLg1DsnH-xn1msnfKopHYs0ZFY5Hnvn6K-pyfqnHfzPNtkrH01ndtznHDsr7tznW01PNtznWDLP-tznjbzr0KBpHYznjwxnHRd0AdW5HnvrHTdrHTzPNtsg100TgKGujYs0Z7Wpyfqn0KzuLw9u1Ys0AqvUjYknj0snzdbX-tknj0knzdbX-tknj03riYzg1DsnHcLQywlg1Dsn101Qywlg1Dsn1cLQywlg1Dsn1nYQywlg1Dsn1RYQywlg1Dsn1bkQywlg1DsPj0dQywlg1DsPjDvQywlg1DznaYknj9xnHczQHKxnHmdPBYdg1D3P19nQHDsnj0Lg1fsn1mVuZGxPjnYradbX-tdn1fVnH0kg1RYPWTVndtdP1cVuZGxPW0zPaYkg1mkPjnVP-tvnH6LQHKxPWnYPadbX-tvPjckQH7xPWf1nBdbX-tvPW04Qywlg1mvnHnVnNtvPWn4QHIxPWm4nidbX-tvrj01QHNxPW61raYvPW6zg1m3rH6VnNtvrHf3Qywlg1m4rHTVuZGxrjmsQHf0mycqn7ts0ANzu1Ys0ZKs5H00UMus5H08nj0snj0snj00Ugws5H00uAwETjYs0ZFJ5H00uANv5gKW0AuY5H00TA6qn0KET1Ys0AFL5HDs0A4Y5H00TLCq0ZwdT1YknjDYPjbsPWnLPj0zrj6Lrj04n0Kzug7Y5HDYrj61PWTznjm1Pjm0Tv-b5yfznWIWuHuhnj0snW9hPHb0mLPV5HbzwDD3fRR3PWcsfW-jrjf0mynqnfKsUWYs0Z7VIjYs0Z7VT1Ys0ZGY5H00UyPxuMFEUHYsg1Kxn0Kbmy4dmhNxTAk9Uh-bT1Ysg1Kxn0KbIA-b5H00ugwGujYVnfK9TLKWm1Ys0ZNspy4Wm1Ys0Z7VuWYs0AuWIgfqn0KhXh6qn0KlTAkdT1Ys0A7buhk9u1Yk0APzm1YvnWR3n0,http://www.zhiyuan365.com/biguiyuan/web.html,2
上海新城上坤樾山Z里,上海新城上坤樾山-2017上海新房信息-楼盘详情,侃家网贴近用户的房产信息网;针对上海新城上坤樾山;为您提供透明的新房信息;上海新城上坤樾山;购房全流程服务;咨询师帮您解决买房问题;侃家新房网;新房侃家帮您选.嘉定新房去看看嘉定新房全新嘉定楼盘信息松江新房去看看松江新房全新松江楼盘信息青浦新房去看看青浦新房全新青浦楼盘信息上海新房去看看上海新房收录上海新房信息查看更多相关信息>>,http://www.baidu.com/baidu.php?url=mzmK000hBKn7XpA6AbfcqffQZDrhi9M48O-fKEZOpfubcPdNYtPVZaW1qDgJHa8n5S-aa9jtNUojMpADCNUz2fFPPhUHI1mL_PDqEM7TjoB1xTtXNqvnxcVozC6pnVkSBKz4uVGaaQwOiwY8zHvD3-L6W_RBBn9MSIK4ExmK73Cl07AhO6.7R_iwdczEuwKlTJmpDAizzz1Wg_4q3phmCbYXgDkb_______lsdnkwFCt85KfmsSXOjept5oEsSxW9LS8ZvSXZFt_5MY3xUu9qIhZ1Lmxgl3IMZjbSyZ1lTrO4mxg1sSxH9qptrOl3xZ3T5MY3IOH9qUn5M8seOo9vXXZ1en5o_se5U9tqvZxt_5Ven5MY3xU_sSEM9tqvZdosSVXZ1tT5o43IMM9tqvZv4nr1I9tx9sSxu9qIhZueT5MY3xgI9qxZj4qrZxY3xy1j4e_rOl3IMM9tS1jlenr1v3x5I9LOQjeX1j4qrZven5o43x5I9qpt5oyGyAp7BEW8Ly20.U1Yk0ZDqzTSlCqja_txF1tablIjFEpdpsrt0IjLF1eJWYn21ktM5s2HGYnhq0A-V5HcsP0KM5yF-TZnk0ZNG5yF9pywd0ZKGujYz0APGujYYnjR0UgfqnH0kPdt1nHcsg1DsnHb0pvbqn0KzIjYVnfK-pyfqnHfvPdtznHDsPNtznW01P-tznjbzrfKBpHYznjwxnHRd0AdW5HndrHnsPWnYPNtknjFxn0KkTA-b5Hc0TyPGujYs0ZFMIA7M5H00ULu_5HDsnj64Qywlg1DsnHR4QH7xnH0znj6VuZGxnH0znW6VnNtknjcLnzdbX-tknjnsnzYkg1Dsn1cLQywlg1Dsn1nYQH7xnH01PHfVnNtknjfsnzdbX-tknjfsPzdbX-tkrjR4Qywlg1csPYsVnH0vg1c1nW6VPWT1P-tzPWm4Qywlg1cvPW-mQywlg1fsn1mVn7tYnWR3QH7xPjR3nzdbX-tYP1TdQywlg1R1nj6VuZGxPHfvPzYYg1mkPH0VuZGxPWfYnBdbX-tvPjf1QH7xPWm3nidbX-tvrHf3Qywlg1m4PHnVndtvrHR4Qywl0A7B5HKxn0K-ThTqn0KsTjYs0A4vTjYsQW0snj0snj0s0AdYTjYs0AwbUL0qn0KzpWYs0Aw-IWdsmsKhIjYs0ZKC5H00ULnqn0KBI1Ykn0K8IjYs0ZPl5fKYIgnqnHRvnWndnjfdnj6Ln1m3nWD4P1R0ThNkIjYkPj63n1mvrjTknH0s0ZPGujY4P1w9ryPbPW0snjc3rAu90AP1UHYvrj0kPDRYPHRsPDR4wbDz0A7W5HD0TA3qn0KkUgfqn0KkUgnqn0KlIjYs0AdWgvuzUvYqn7tsg100uA78IyF-gLK_my4GuZnqn7tkPHfdrj6zg100uZwGujYs0ANYpyfqQHD0mgPsmvnqn0KdTA-8mvnqn0KkUymqn0KhmLNY5H00uMGC5H00XMK_Ignqn0K9uAu_myTqnfKWThnqPHRLPWm&us=0.0.0.0.0.0.0&us=0.0.0.0.0.0.16,http://sh.comjia.com/project/20000318.html?channel_id=20000000&channel_put=%E9%A1%B9%E7%9B%AE%2D%E6%A0%B8%E5%BF%83%2D%E6%9D%BE%E6%B1%9F%7C%E6%96%B0%E5%9F%8E%E4%B8%8A%E5%9D%A4%E6%A8%BE%E5%B1%B1%E7%BE%8E%E5%A2%85%7C%E4%B8%8A%E6%B5%B7%E6%96%B0%E5%9F%8E%E4%B8%8A%E5%9D%A4%E6%A8%BE%E5%B1%B1,1
上海新城上坤樾山Z里新楼盘,上海新城上坤樾山-3月上海新房-上海新楼盘,侃家网贴近用户的房产信息网，针对上海新城上坤樾山，为您提供透明的新房信息，上海新城上坤樾山，购房全流程服务，咨询师帮您解决买房问题，侃家新房网，新房侃家帮您选。,http://www.baidu.com/baidu.php?url=mzmK00KelYZvifYoLc0tIiU492l6S9_8CxtW32k8xRyj2G3bF0x2cm2YRGtoFfcFbILt01VTEOAC2y5T9S-ly6j0QL6Zt4JATypDxI00BQzNu8m12szH00UHwTTcG3NJ7-7bf5j8--Q7xTuxBLtTxcsgDb0-HinSZIEfGvZ_pZuUtGD-u6.7R_iwdczEuwKlTJmpDAizzz1Wg_4q3phmCbYXgDkb_______lsdnkwFCt85KfmsSXOjept5oEsSxW9LS8ZvSXZFt_5MY3xUu9qIhZ1Lmxgl3IMZjbSyZ1lTrO4mxg1sSxH9qptrOl3xZ3T5MY3IOH9qUn5M8seOo9vXXZ1en5o_se5U9tqvZxt_5Ven5MY3xU_sSEM9tqvZdosSVXZ1tT5o43IMM9tqvZv4nr1I9tx9sSxu9qIhZueT5MY3xgI9qxZj4qrZxY3xy1j4e_rOl3IMM9tS1jlenr1v3x5I9LOQjeX1j4qrZven5o43x5I9qpt5oyGyAp7BEW8Ly20.U1Yk0ZDqzTSlCqja_txF1tablIjFEpdpsrOfs_2-kTs0IjLF1eJWYn21ktM5s2HGYnhq0A-V5HcsP0KM5yF-TZns0ZNG5yF9pywd0ZKGujYz0APGujYYnjR0UgfqnH0kPdtknjD4g1nvnjD0pvbqn0KzIjYYnWc0uy-b5HcznHmkg1DYnWFxnWDknWIxnHTsnj7xnWcsn1NxnWckP1NxnWcsP1c0mhbqnW0Yg1DdPfKVm1Y1PHb1njm1PjNxn7ts0Z7spyfqn6Kkmv-b5H00ThIYmyTqn0KEIhsqnH0srjbVn-tknjDsradbX-tknjD1PBdbX-tknjDdridbX-tknjcsraYzg1DsnWbkQywlg1Dsn1cLQywlg1Dsn1bkQywlg1DsPj01Qywlg1DzniY1g1DznBYLg1DvPHmVPNtznjInQHDsnH7xPjcdraYYg1RsPWbVuZGxPHTLPzdbX-tdrjn3QHPxPHb1PzdbX-tvnHRsQywlg1mzP1TVPdtvn1fYQywlg1mYPWmVuZGxPWRkPBdbX-tvPHf1Qywlg1mvnjbVuZGxPWmvnadbX-tvP104Qywlg1mLn10Vn-tvrHfdQHFxPWbdnzdbX-tvrHmzQywlg16driY1g16vnaYz0A7B5HKxn0K-ThTqn0KsTjYs0A4vTjYsQW0snj0snj0s0AdYTjYs0AwbUL0qn0KzpWYs0Aw-IWdsmsKhIjYs0ZKC5H00ULnqn0KBI1Ykn0K8IjYs0ZPl5fKYIgnqnHRvnWndnjfdnj6Ln1m3nWD4P1R0ThNkIjYkPj63n1mvrjTzrjm30ZPGujdBmWfvuHu9rj0snjcsnjnY0AP1UHd7fHbzrjDzP1DYfbRzn16d0A7W5HD0TA3qn0KkUgfqn0KkUgnqn0KlIjYs0AdWgvuzUvYqn7tsg100uA78IyF-gLK_my4GuZnqn7tsg100uZwGujYs0ANYpyfqQHD0mgPsmvnqn0KdTA-8mvnqn0KkUymqn0KhmLNY5H00uMGC5H00XMK_Ignqn0K9uAu_myTqnfKWThnqPH04rHR&us=0.0.0.0.0.0.0&us=0.0.0.0.0.0.6,http://sh.comjia.com/project/20000318.html?channel_id=20000000&channel_put=%E9%A1%B9%E7%9B%AE%2D%E6%A0%B8%E5%BF%83%2D%E6%9D%BE%E6%B1%9F%7C%E6%96%B0%E5%9F%8E%E4%B8%8A%E5%9D%A4%E6%A8%BE%E5%B1%B1%E7%BE%8E%E5%A2%85%7C%E4%B8%8A%E6%B5%B7%E6%96%B0%E5%9F%8E%E4%B8%8A%E5%9D%A4%E6%A8%BE%E5%B1%B1,1
新城上坤樾山Z里新上新房,开个帖;大家进来谈谈佘山的新盘 新城上坤樾山吧?! 购房讨论 篱笆...,2016年7月28日-开个帖;大家进来谈谈佘山的新盘 新城上坤樾山吧?!版块:[购房讨论] 标签: ...赵巷是个别墅区;那里的房子很难...,http://www.baidu.com/link?url=AP0Q6M25bQmCFk-DuB2woyZti8fk2_xTspsGBEyvHpEWTeSsGrSX_IL38IeU6W-Lz7wTYC8WKCnC-DfATXlykq,http://www.libaclub.com/t_113_9395003_1.htm,1
新城上坤樾山Z里新开盘新房,新城上坤樾山为全新项目 具体开盘时间待定_网易上海房产频道,2016年6月7日-网易房产06月07日报道 新城上坤樾山位于松江佘山(板块楼盘、地图选房)板块;为全新盘;具体户型和开盘时间待定;详情请致电售楼处咨询。 上坤樾山位于佘...,http://www.baidu.com/link?url=3uz1hELWD5Q7CR8IgHnpfceBClDx8hoJgpEmQ2zKYvCVAaSvTDJ_b8qku6YBYJIgng0kAK-d1tp_XKerKnqmfFYxa9yk4Zd2ztwhQoFCarm,http://sh.house.163.com/16/0607/17/BOVOLVA900073V4I.html,1
上海新城上坤樾山Z里新开盘楼盘,新城上坤樾山Z里-楼盘详情-上海腾讯房产,2017年1月4日-上海新城上坤樾山Z里; 腾讯房产提供新城上坤樾山Z里最新价格、开盘、地址、优惠、户型等最新动态。查找松江新城上坤樾山Z里房价走势、松江新城上坤樾山Z里...,http://www.baidu.com/link?url=iqr6Z50mqQQsB60pLal8gSvzr76zY4IYRQbVf3Jz00dD-pC39rjyJXhpEHwuJAbn,http://db.house.qq.com/sh_176329,1
新城上坤樾山Z里上海新房,新城上坤樾山Z里怎么样 好吗 新城上坤樾山Z里楼盘详情介绍-上海...,7天前-二月已步入下旬;沪上楼市复苏在即;上周(2.13-2.19)上海新房楼市逐步回...新城上坤樾山Z里目前在售公寓;在售房型为建面约91平3房及建面约115...,http://www.baidu.com/link?url=1uXy_DQyWYnSi7V9ZHY5FB9tac8mv3GEsMmb6eTpsR4ilYCGqtcfRjudJeZdKiENW0-gNRVgV7wL_4q6NcqE__,http://newhouse.sh.fang.com/2017-02-22/24442729_3.htm,1
新城上坤樾山Z里新房,新城上坤樾山・Z里这样的生活配套;请给我来一打!-上海新房网-房...,2016年10月27日-新城上坤樾山・Z里约91-115O城市公寓&约119-130O宽景叠墅;天生不凡;倾城在售。,http://www.baidu.com/link?url=6mg9bK5DowznqscBG9qcaLsOXMNLI_mB8EeZxYkD9i1yUZM7k9ut8ApivMn6pv1bredoyqC_DqD1HbcSRNAGta,http://newhouse.sh.fang.com/2016-10-27/23329836.htm,1
新城上坤樾山Z里一手房,上海一手房源 上海二手房信息 上「房多多」,2017全新上海一手房源上「房多多」，海量二手真房源，上门实勘，直约业主看房谈价，非中介，买二手房只收2999+0.5%，置业顾问免费帮您谈价，买房就来「房多多」直买直卖网!esf.fangdd.com2017-0385条评价,http://www.baidu.com/baidu.php?url=mzmK00a_SujQ0AGvmVRtDJPAM9hqWAhZaoqMdPBoqAU5mlxX3AqCyKnD1V_G5DvuRJt3cUK4Ytbo6Eetb81Fp0kuMhRfmCIVdbkitE45fojdTAUGYllsjOuZTsmeH5MWEO-YXkrc15CSw4PemaYoBfg4XANBFtxpQysofmesrfZz0gB3_f.DY_iFWdSyVMPITBarGMPRzOE6CpXyPvap7Q7erQK9LxyPrMj8S8rZo6CpXy7MHWuxJBm___zUPhZIqT5Mvmxgu9vXLj4qrZdLmxgks45-9tS1jlSLj_SZj4qrZuEse5gj4qrZu_sSEds45-9tqSZuu9LSLj4SrZxvmxU_sSX1jexo9vxQjbSg4E9l32AM-u8dHrsmvn5MEseQnrOv3x5kseS1jeIhZ1vmxUqTr14mTMzsSxH9vUn5oqT5MY3xgv3IqMgKfYtVKnv-Wj4qhZdvmI-hZ1lTr1x9vX8Z1lTr1u9qxo9tSMjlSLjE_l32AM-YG8x6Y_f33N2s1f_uPMu3qB6.U1Yk0ZDqYn21ktM5s2HGYnhqoNo0eq2ezVpLEsKY5I2ezVpLEqiY0A-V5HczPsKM5yF-TZnk0ZNG5yF9pywd0ZKGujYz0APGujYYnjR0Ugfqn1czr7tknjDLg1DsnHPxnH0krNt1PW0k0AVG5H00TMfqQHD0uy-b5HDYPHKxnWDsrHFxnHTsnj7xnWcsn1IxnWDvP1PxnW0LnHb0mhbqnW0Yg1DdPNtkPHm0UynqnHmznHDsnW6vrNt1PWDzPjDvPHPxnH63njf4n1b4n-t1PW0LPWfLn1-xn0KkTA-b5H00TyPGujYs0ZFMIA7M5H00ULu_5HDsnH03Qywlg1DsnW03Qywlg1DsnWc3Qywlg1DsnWfkQywlg1DsnWbkQH7xnH01PHfVnNtknjnLnBdbX-tknjn4nidbX-tknjn4riYkg1DznadbX-tknWDVuZGxnHmdPBdbX-tkrjR4Qywlg1csPYsVnH0kn7tzPWm4Qywlg1cvPW-mQywlg1nzn1RVnNtYn1f3QH7xPjndPadbX-tYPH61Qywlg1RYrjTVndtvnjcYQywlg1msPWmVuZGxPWDYnzdbX-tvn1TLQywlg1mYnWfVuZGxPWR4PadbX-tvPHb3Qywlg1mvn1bVuZGxPWm3radbX-tvP1nsQywlg1mLPHnVr7tvrjc4Qywlg1m3rH6VuZGxPWbYraYzg1m4rHcVuZC0mycqn7ts0ANzu1Ys0ZKs5H00UMus5H08nj0snj0snj00Ugws5H00uAwETjYs0ZFJ5H00uANv5gKW0AuY5H00TA6qn0KET1Ys0AFL5HDs0A4Y5H00TLCq0ZwdT1YknHmLPHczrjmsrHbknW03njmdP6Kzug7Y5HDYrj61PWm3PWb3Pjf0Tv-b5yNWP1R4nv7hnj0snWuWPyf0mLPV5Hm3njDYwHfdPH0YwH-AfHc0mynqnfKsUWYs0Z7VIjYs0Z7VT1Ys0ZGY5H00UyPxuMFEUHY1nj0zg1Kxn7tsg100uA78IyF-gLK_my4GuZnqn7tsg1Kxn7ts0AwYpyfqn0K-IA-b5iYk0A71TAPW5H00IgKGUhPW5H00Tydh5H00uhPdIjYs0AulpjYs0ZGsUZN15H00mywhUA7M5HD0mLFW5HfsPW6z&us=0.0.0.0.0.0.21&us=0.0.0.0.0.0.28,http://esf.fangdd.com/shanghai?utm_source=baidu%5Fsem%5Fpc&utm_campaign=000288%5F%E4%B8%8A%E6%B5%B7%2D%E4%BA%8C%E6%89%8B%E6%88%BF%2D%E9%80%9A%E7%94%A8%E8%AF%8D%2DPC&utm_adgroup=%E9%80%9A%E7%94%A8%E8%AF%8D%2D%E6%88%BF%E6%BA%90&utm_term=%E4%B8%80%E6%89%8B%E6%88%BF%E6%BA%90&utm_medium=cpc,1
上海新城上坤樾山Z里新开楼盘,新城上坤樾山Z里怎么样:9号线沿线的新盘很多...-上海安居客,2016年6月11日-kk654关于新城上坤樾山Z里的用户点评;新城上坤樾山Z里怎么样就在安居客:9号线沿线的新盘很多;佘山这边主要还是一些别墅;公寓盘相对少...,http://www.baidu.com/link?url=Ow9xf1eYK4-wJg8613odbVwz1eYfvNCZLYGnxJfjgVQYFJS2ZDtN4oQqClLMdm1Wsi_Wu7QhA59bkXa2WNHVaT0nadD7TF1ENSwPKpvqMke,http://sh.fang.anjuke.com/loupan/ugcview-411718/2353034/,1
新城上坤樾山Z里售卖,新城上坤樾山Z里怎么样:低楼层居然卖到4.3w ...-上海安居客,2016年10月11日-心关于新城上坤樾山Z里的用户点评;新城上坤樾山Z里怎么样就在安居客:低楼层居然卖到4.3w 主要看中63万整体规划 如果宣传中的自带商业...,http://www.baidu.com/link?url=A84Iijf4n5QE6xPxs-umzXJ_3W9VoHJspe2bQGDWfDwAH11AR3oyYHMULSnZ0a0i1T_LauS_FQeMHiSfHOn2sXCDma02fnHRjFKBKelDW_q,http://sh.fang.anjuke.com/loupan/ugcview-411718/2493371/,1
新城上坤樾山Z里新开盘楼盘,新楼盘精装30000元/O，详询4006699884转0009,新楼盘建面约90-120O二期新品，约25万方品质大盘，商业配套齐全，火爆热销中!社区位于浦东惠南，立足浦东机场，迪士尼，临港“金三角”，近16号线，享醇熟资源。,http://www.baidu.com/baidu.php?url=mzmK00jevahmJx_gh2rdCtRFiWOeUIo_jQ8RNNKBoLIZRjK9PUyjKgBqr2-ppJ1Zb8dq6Nj9kVmhTnlCfLvaIObkC9HHx0ZhKXl1w0ORrkm-WJ9Xdz-FDfQT3ueMyfQn5JAwz5wj51qOKXc63FP_yeNd1cwHkWM97hY0M7mN4wd9lrGhj6.7Y_a4h61ukwKOYclC2r59zspnjny9MPsnkNFWx-xLsRP5QAeKPa-BSe6lr8a9G4I2UM3PQDrrZo6CpXy7MHWuxJBmOPtrZFt_5Mvmxgu9vXLj4qrZdLmxgks45-9tqhZdS8ZxtrZ1lT5ovmIModsRP5Qal26h26k9tqhZdS8ZxtrZ1lT5ovmIMo9tSMjltTrOdsSX1jexo9vxQo6CpXy6hUik9tSMjElT5ou9tSMjeIvZdSZj4SrZxl3IS1-LX5WbvNeEZ_vUOS9fud2N9h9mzNq5W3J.U1Yk0ZDqYn21ktM5s2HGYnhqoNo0eqjaElo71n2-kTs0IjLfs_2-kTs0pyYqnWcL0ATqmhNsT1D0Iybqmh7GuZR0TA-b5Hc0mv-b5HfsPfKVIjYknjDLg1DsnH-xn1msnfKopHYs0ZFY5Hnvn6K-pyfqnHfzPNtkrH01ndtznHDsr7tznW01PNtznWDLP-tznjbzr0KBpHYznjwxnHRd0AdW5Hndnj0dnWT1n7tsg100TgKGujYs0Z7Wpyfqn0KzuLw9u1Ys0AqvUjYknj03riYzg1DsnW03Qywlg1DsnWTYQHFxnH0zrjcVuZGxnH0zrH0VnNtknjnsnzdbX-tknjndPaYkg1Dsn1b4QH7xnH0YnjcVuZGxnH0YnjRVnNtknWcVP7tkrjT3HaYknj0sr7tdP1cVuZGxPHTYPBYkg1msnj6VnNtvnH6LQHKxPWRvnzdbX-tvPW04Qywlg1mLPHnVnNtvP16LQywlg1m3njnVn-tvrjn3QHmvrjFxPW64radbX-tvrHbLQywlg1m4rHbVn7tLnj03Qywlg16vnaYY0A7B5HKxn0K-ThTqn0KsTjYs0A4vTjYsQW0snj0snj0s0AdYTjYs0AwbUL0qn0KzpWYs0Aw-IWdsmsKhIjYs0ZKC5H00ULnqn0KBI1Ykn0K8IjYs0ZPl5fKYIgnqnHm4nj04Pjn4rjRvnjmznHn3P1b0ThNkIjYkPj63n1mLnj0vrjfs0ZPGujd-rHfknWDsrj0snjcLPW0d0AP1UHY4nbwKrD77rjmznDc4f16Y0A7W5HD0TA3qn0KkUgfqn0KkUgnqn0KlIjYs0AdWgvuzUvYqn7tsg100uA78IyF-gLK_my4GuZnqn7tsg100uZwGujYs0ANYpyfqQHD0mgPsmvnqn0KdTA-8mvnqn0KkUymqn0KhmLNY5H00uMGC5H00XMK_Ignqn0K9uAu_myTqnfKWThnqPjR3n1R&us=0.0.0.0.0.0.21&us=0.0.0.0.0.0.27,http://www.data03.com/#sh/lpzj/yuanyangwanhesiji?utm_source=bdwx&utm_medium=cpc&utm_campaign=PC%2D%E4%B8%8A%E6%B5%B7%2D%E8%BF%9C%E6%B4%8B&utm_content=%E8%BF%9C%E6%B4%8B%E6%B3%9B%E8%AF%8D&utm_term=%E6%96%B0%E6%A5%BC%E7%9B%98_57728157489#tag,1
新城上坤樾山Z里售楼部,新城上坤樾山Z里实景图-售楼处-上海搜狐焦点网,6天前-免责声明:本站旨在为用户提供更多楼盘信息;所载内容仅供参考;最终信息以售楼处为准。如该楼盘信息有误;您可以投诉或拨打举报电话: 400-099-0099  欢...,http://www.baidu.com/link?url=v_z-sEweHoekthUlDujjrN2yfyzKtDfGMx3WYrtqaNW8j1WpNqdNnrooaEBFqc2NewZdRR3H5RZgXuMRHLqGTq,http://sh.focus.cn/loupan/20027213/tu382745894.html,1
新城上坤樾山Z里地址在哪,新城上坤樾山Z里交通图_新城上坤樾山Z里位置_新城上坤樾山Z里...,2017年2月16日-地图找房  上海房产 > 上海楼盘 > 松江楼盘 > 新城上坤樾山Z里 >  新城上坤樾山Z里楼盘交通图新城上坤樾山Z里别名:新城上坤樾山相关楼盘 新城上坤樾山...,http://www.baidu.com/link?url=GDVIn_XE3z_mRVEUN1f2AvbZFU5HXUmDlLacLT4b9EVIXAf_NP6TOurY-l2OozEdKJLxc3_FFhKAK71QrE6W8a,http://sh.focus.cn/loupan/20027213/tu-14/,1
新城上坤樾山Z里新房房源信息,新城上坤樾山Z里怎么样 好吗 新城上坤樾山Z里楼盘详情介绍-上海...,2017年2月15日-推荐理由:新城集团打造;近9号线佘山站;限时特价房在售。 效果图 动态:新城上坤樾山Z里公寓目前在售;主力户型为91-115平公寓;户型为91平3房及115...,http://www.baidu.com/link?url=fxOrLt42eQHqP1-_bVCmhc8Gj1D52vqb7zpJMBXAXU3ZtvHY6RgbRjAFaPLGGhboCggK8rKxRz8l1JlEiaozu_,http://newhouse.sh.fang.com/2017-02-15/24373780_2.htm,1
新城上坤樾山Z里最新楼盘信息,新城上坤樾山Z里建筑类型;新城上坤樾山Z里建筑类型为:高层-上海...,安居客为您提供新城上坤樾山Z里;开发商;小区物业费;交房费用;班车新城上坤樾山Z里规划面积;绿城兰园售楼电话开盘时间;建筑类型;产权年限;容积率;绿化率;规划户...,http://www.baidu.com/link?url=nW0Liy5z-f-vCTm7aea1ZUaR6oQMw5ZGoyj8XZ_AfqxWnLiOxE34AOytcTH68SSJhBF0WiwaV6sV_JpVx2BHFKuovYIMQg_EI_QChpmPRMS,http://sh.fang.anjuke.com/loupan/infodesc-411718-build_type.html,1
新城上坤樾山Z里新房房源信息,新房出售信息-上海房源信息查询,融合了上海房源信息，在这里你可以查询新房出售信息，房产，整租等房源信息和价格，全认证房源。,http://www.baidu.com/baidu.php?url=mzmK0003ee1e68kHyU5vkrqbX7Gyfq3nEKBCXZfVwAbaUxNNyb-uDsJj95i88jgTt4Pp3kkeDbRBYKmyUgQPgpJ9qnfeGLpJSCOf3exjBawHnlBl0VvXTWCyrmj-YA9SNEDbrEG3n7ftRXxwTCbYBlFv1qIlaqqW6xP4wzHTQ8YHF_xOjs.Db_j9JspbePhkDZGY8C5I7KZNKyGyAp7WIE_oe70.U1Yk0ZDqYn21ktM5s2HGYnhqoNo0eqjaVeSLEqiYYng5C6KY5IjaVeS1q_oUYng5C6KGUHYznWT0u1dBugK1nfKdpHdBmy-bIfKspyfqn6KWpyfqPj0d0AdY5HDsnHIxnH0krNt1PW0k0AVG5H00TMfqn1mz0ANGujYkPjcdg1D4njn1g1cknH03g1cznjndg1cznHTvg1csrHc30AFG5HcsP7tkPHR0Uynqn1Tsn1n4njf1g1Kxn0KkTA-b5H00TyPGujYs0ZFMIA7M5H00ULu_5HDsnj0sQywlg1Dsnj6dQywlg1DsnH03Qywlg1DsnW03Qywlg1DsnW6dQywlg1Dsn1RYQH7xnH01P1cVnNtknjn4ridbX-tknjfsnBdbX-tknjfkPBYkg1DzniY4rHb4rNtknWcVrNtkPWRvQywlg1csPYsVn-tznjInyaYzg1c1nW6VuZGxnWTLPzdbX-tYnWR3QHwxPjR3nzYzg1RsnWbVnNtdnjm4Qywlg1RYrjTVuZGxPHbsradbX-tdrHTYQywlg1msnj6VnNtvnjmvQHPxPWDYnzY3g1mkrjTVn7tvn1fYQywlg1m1P1TVnNtvPjcYQywlg1mdrH6VuZGxPWmsridbX-tvPWD1QH7xPWm1riY1g1mvrjDVn-tvP1nsQH7xPWTdnzY1g1mLrjTVnNtvrjc4QHPxPW61raYvPW6zg1m4PjRVuZGxPWbLraYkg1m4rHTVuZGxrjmsQHf0mycqn7ts0ANzu1Ys0ZKs5H00UMus5H08nj0snj0snj00Ugws5H00uAwETjYs0ZFJ5H00uANv5gKW0AuY5H00TA6qn0KET1Ys0AFL5HDs0A4Y5H00TLCq0ZwdT1YkPj0YPHRdnHnvnW04nWbvPHcv0ZF-TgfqnHf3rjnvP1csPWcvPsK1pyfqmhw-Phf4Pyfsnj0zPhRLufKWTvYqrHFDfH9KwH6vnWKarRn3P0K9m1Yk0ZK85H00TydY5H00Tyd15H00XMfqn0KVmdqhThqV5HKxn7ts0Aw9UMNBuNqsUA78pyw15HKxn7ts0AwYpyfqn0K-IA-b5iYk0A71TAPW5H00IgKGUhPW5H00Tydh5H00uhPdIjYs0AulpjYs0ZGsUZN15H00mywhUA7M5HD0mLFW5HmkPWm3&us=0.0.0.0.0.0.16&us=0.0.0.0.0.0.22,http://www.zhuge888.com/promotion/sh/1,1
新城上坤樾山Z里新房价格,上海新城上坤樾山Z里;新城上坤樾山Z里户型图;新城上坤..._安居客,上海新城上坤樾山Z里最新楼盘详情;松江-佘山楼盘新城上坤樾山Z里最新报价;最新户型;最新周边配套信息;尽在安居客,http://www.baidu.com/link?url=TKr8Z_XyMenbjg4M2kB08yyrzAuTZfyCyfVF3V8UyFZx8wg7xdSRvgQ5cKFIxM6xC1ij5v4Xg4Vt3VhrexrKb_,http://www.anjuke.com/xinfang/sy-lp411718/,1
新城上坤樾山Z里最新楼盘价格,上海新楼盘房价精装30000元/O，详询4006699884转0009,上海新楼盘房价建面约90-120O二期新品，约25万方品质大盘，商业配套齐全，火爆热销中!社区位于浦东惠南，立足浦东机场，迪士尼，临港“金三角”，近16号线，享醇熟资源。,http://www.baidu.com/baidu.php?url=mzmK00jFNESFhZZqg9fBFscFzHJJ3IoWgAS1QVjsa104UuKRiTS9oY3uT6hsoFDdLVKMdp3HBey_FO2AL6XdKQSNlnalJbLfek7k4jp2MC1sDuKD-gGKgckpwIGzARCBW92-SDqM4yJOhJWZfad1ocx72AVbU64McRBtHGF30BPAXW-yb6.Db_a4h61ukwKOYclC2r59zspnjny9MPsnkNFWx-xLsRP5QAeKPa-BqM76l32AM-YG8x6Y_f33X8a9G4myIrP-SJFWtLs3TMzsSxu9qIhZueT5MY3xgI9qxZjbSyZ1vmxgl3IOs3x5GsSEu9vXEgKfYt_QCJamJjAZ1vmxgl3IOs3x5GsSEu9vX8Z1lT5okseOgj4en5VS8Zut88a9G4pauVQAZ1en5o_se5U9tSMjle_5o33x5GseSMjlvmx5GsSLI9qx9sSxW9LS8Zx_sSxH9vUn5oqT5MvmxgdsSEWzeEZ_LIP-MuE3txS9fud2N9h9moLTXhVf0.U1Yk0ZDqYn21ktM5s2HGYnhqoNo0eqx8YnQaGTgnEP83tfKY5TM58J5fs_2-kTzLEe1U0A-V5HczPsKM5yF-TZnk0ZNG5yF9pywd0ZKGujYz0APGujYYnjR0UgfqnH0kPdtknjD4g1nvnjD0pvbqn0KzIjY1PWc0uy-b5HDYnWNxnHbsn1PxnWDknj9xnWcsn1NxnWckP1uxnW04nW60mhbqnW0Yg1DdPfKVm1Y1PH0sPHcLn1Kxn7ts0Z7spyfqn0Kkmv-b5H00ThIYmyTqn0KEIhsqnH0kn1DVnNtknjcsradbX-tknjcLPadbX-tknjc4nadbX-tknjnzPzdbX-tknjndPaYkg1DsPj01Qywlg1DsPj0dQywlg1DsPjc4Qywlg1DznidbX-tknWfVuZGxPj04niYkg1fzPH6VndtYPH61Qywlg1f4rHDVuZGxPH0vridbX-tdPj6LQywlg1msnj6VnNtvnjmvQHPxPW0LnzdbX-tvnH6LQHKxPWcLPBdbX-tvn1fYQywlg1mYn1cVuZGxPWmsridbX-tvPWckQH7xPWm1ridbX-tvPWT1QH7xPWm3nidbX-tvP1R1Qywlg1m3n16VPWm3n-tvrHR4QH7xPWb4PzdbX-tLnj03QH7xrjmsQHf0mycqn7ts0ANzu1Ys0ZKs5H00UMus5H08nj0snj0snj00Ugws5H00uAwETjYs0ZFJ5H00uANv5gKW0AuY5H00TA6qn0KET1Ys0AFL5HDs0A4Y5H00TLCq0ZwdT1YknWDYrHb3PjRvn1b3PWmzPjbkPfKzug7Y5HDYrj61PWTznH03njn0Tv-b5yNbuhP9nAw9nj0snhRsmWR0mLPV5HbzwDD3fRR3PWcsfW-jrjf0mynqnfKsUWYs0Z7VIjYs0Z7VT1Ys0ZGY5H00UyPxuMFEUHYsg1Kxn0Kbmy4dmhNxTAk9Uh-bT1Ysg1Kxn0KbIA-b5H00ugwGujYVnfK9TLKWm1Ys0ZNspy4Wm1Ys0Z7VuWYs0AuWIgfqn0KhXh6qn0KlTAkdT1Ys0A7buhk9u1Yk0APzm1YYn1Rkrf,http://www.data03.com/#sh/lpzj/yuanyangwanhesiji?utm_source=baidu&utm_medium=cpc&utm_campaign=PC%2D%E4%B8%8A%E6%B5%B7%2D%E8%BF%9C%E6%B4%8B&utm_content=%E8%BF%9C%E6%B4%8B%E6%B3%9B%E8%AF%8D&utm_term=%E4%B8%8A%E6%B5%B7%E6%96%B0%E6%A5%BC%E7%9B%98%E6%88%BF%E4%BB%B7_57456004933#tag,1
新城上坤樾山Z里买房网站,万万没想到你是这样的新城上坤樾山・Z里_房地产_马可资讯,2016年11月26日-新城上坤樾山・Z里作为新城深耕大佘山的诚意之作;一经入市;成功开启佘山城市人居时代的新篇章;给了人们万万没想到的惊喜。 邻近轨交9号线 交互...,http://www.baidu.com/link?url=dmx5ZaEGB5EYtSTOE0ii2LLJ_LcLpoj43s-z-YKcLa4po-Qu-pq0R_ZXXsycPAOH,http://news.makepolo.com/6804120.html,1
新城上坤樾山Z里新房户型,上海的新城上坤樾山Z里小区共有多少套房子?一共有多少户..._房天下,2017年2月16日-上海的新城上坤樾山Z里小区共有多少套房子?一共有多少户型?各户型分别...关于新城上坤樾山Z里 的点评(共170条)  这个91平的是普通住宅;可以...,http://www.baidu.com/link?url=9Wu9FVScCZFKCMia9L2PQPS1p5kPkpCOCzN7jTzHqT6kijfxMMcANIk_8DTju972b9JK1cr3klkkgQYam0L7E_,http://www.fang.com/ask/ask_22717225.html,1
